Player,Mat,Inns,NO,Runs,HS,Ave,BF,SR,100,50,0,4s,6s,TeamName,Year
VR Aaron,10,3,3,35,17,0,34,102.94,0,0,0,2,1,Royal Challengers Bangalore,2014
MA Agarwal,8,8,0,115,31,14.37,91,126.37,0,0,0,12,3,Delhi Daredevils,2014
AN Ahmed,4,1,1,4,4,0,1,400.00,0,0,0,1,0,Royal Challengers Bangalore,2014
CJ Anderson,12,11,2,265,95,29.44,181,146.40,0,1,0,21,15,Mumbai Indians,2014
S Anirudha,1,1,0,3,3,3.00,5,60.00,0,0,0,0,0,Sunrisers Hyderabad,2014
Ankit Sharma,3,2,0,34,30,17.00,30,113.33,0,0,0,4,1,Rajasthan Royals,2014
R Ashwin,16,6,3,45,14,15.00,45,100.00,0,0,0,4,0,Chennai Super Kings,2014
P Awana,7,0,0,0,0,0,0,0,0,0,0,0,0,Kings XI Punjab,2014
S Badree,4,0,0,0,0,0,0,0,0,0,0,0,0,Chennai Super Kings,2014
GJ Bailey,17,16,7,257,40,28.55,190,135.26,0,0,0,19,10,Kings XI Punjab,2014
L Balaji,9,2,1,1,1,1.00,3,33.33,0,0,1,0,0,Kings XI Punjab,2014
R Bhatia,12,7,2,67,23,13.40,53,126.41,0,0,0,4,3,Rajasthan Royals,2014
STR Binny,13,12,2,123,48,12.30,121,101.65,0,0,2,4,5,Rajasthan Royals,2014
MS Bisla,1,1,0,3,3,3.00,9,33.33,0,0,0,0,0,Kolkata Knight Riders,2014
DJ Bravo,1,1,1,8,8,0,3,266.66,0,0,0,0,1,Chennai Super Kings,2014
JJ Bumrah,11,2,2,1,1,0,3,33.33,0,0,0,0,0,Mumbai Indians,2014
YS Chahal,14,2,2,1,1,0,1,100.00,0,0,0,0,0,Royal Challengers Bangalore,2014
UBT Chand,1,1,0,2,2,2.00,9,22.22,0,0,0,0,0,Rajasthan Royals,2014
PP Chawla,11,5,2,31,17,10.33,19,163.15,0,0,2,4,1,Kolkata Knight Riders,2014
KK Cooper,5,5,2,39,32,13.00,26,150.00,0,0,0,2,3,Rajasthan Royals,2014
NM Coulter-Nile,2,1,1,0,0,0,0,0,0,0,0,0,0,Delhi Daredevils,2014
PJ Cummins,1,0,0,0,0,0,0,0,0,0,0,0,0,Kolkata Knight Riders,2014
BCJ Cutting,1,1,0,8,8,8.00,6,133.33,0,0,0,0,1,Rajasthan Royals,2014
Q de Kock,7,7,0,153,48,21.85,130,117.69,0,0,0,19,4,Delhi Daredevils,2014
M de Lange,1,1,0,1,1,1.00,2,50.00,0,0,0,0,0,Mumbai Indians,2014
AB de Villiers,14,13,2,395,89,35.90,249,158.63,0,3,1,26,24,Royal Challengers Bangalore,2014
R Dhawan,13,6,4,82,23,41.00,75,109.33,0,0,0,8,1,Kings XI Punjab,2014
S Dhawan,14,14,1,377,64,29.00,319,118.18,0,2,0,49,7,Sunrisers Hyderabad,2014
MS Dhoni,16,15,10,371,57,74.20,250,148.40,0,1,0,22,20,Chennai Super Kings,2014
AB Dinda,9,3,2,4,2,4.00,12,33.33,0,0,1,0,0,Royal Challengers Bangalore,2014
JP Duminy,14,14,6,410,67,51.25,305,134.42,0,2,0,22,20,Delhi Daredevils,2014
BR Dunk,3,3,0,40,20,13.33,35,114.28,0,0,0,7,0,Mumbai Indians,2014
F du Plessis,15,12,1,303,54,27.54,235,128.93,0,2,2,26,7,Chennai Super Kings,2014
JP Faulkner,13,12,8,181,41,45.25,94,192.55,0,0,0,8,16,Rajasthan Royals,2014
AJ Finch,13,13,2,309,88,28.09,263,117.49,0,2,0,31,9,Sunrisers Hyderabad,2014
G Gambhir,16,16,1,335,69,22.33,293,114.33,0,3,3,36,4,Kolkata Knight Riders,2014
CM Gautam,9,9,2,121,33,17.28,111,109.00,0,0,0,13,5,Mumbai Indians,2014
CH Gayle,9,9,0,196,46,21.77,184,106.52,0,0,0,18,12,Royal Challengers Bangalore,2014
S Gopal,4,1,0,11,11,11.00,10,110.00,0,0,0,1,0,Mumbai Indians,2014
Harbhajan Singh,14,7,2,28,10,5.60,25,112.00,0,0,2,2,2,Mumbai Indians,2014
JW Hastings,1,0,0,0,0,0,0,0,0,0,0,0,0,Chennai Super Kings,2014
BE Hendricks,3,1,0,0,0,0.00,1,0.00,0,0,1,0,0,Kings XI Punjab,2014
MC Henriques,4,2,0,9,9,4.50,14,64.28,0,0,1,1,0,Sunrisers Hyderabad,2014
BW Hilfenhaus,8,1,1,0,0,0,0,0,0,0,0,0,0,Chennai Super Kings,2014
BJ Hodge,4,4,1,101,40,33.66,72,140.27,0,0,0,4,6,Rajasthan Royals,2014
JO Holder,1,1,0,16,16,16.00,12,133.33,0,0,0,2,1,Sunrisers Hyderabad,2014
DJ Hussey,5,4,2,116,50,58.00,94,123.40,0,1,0,8,6,Chennai Super Kings,2014
MEK Hussey,9,9,0,209,56,23.22,182,114.83,0,2,0,17,7,Mumbai Indians,2014
Imran Tahir,6,2,0,8,4,4.00,10,80.00,0,0,0,2,0,Delhi Daredevils,2014
Iqbal Abdulla,1,0,0,0,0,0,0,0,0,0,0,0,0,Rajasthan Royals,2014
RA Jadeja,16,10,5,146,36,29.20,110,132.72,0,0,0,9,5,Chennai Super Kings,2014
KM Jadhav,10,10,5,149,37,29.80,101,147.52,0,0,2,13,7,Delhi Daredevils,2014
SB Jakati,1,0,0,0,0,0,0,0,0,0,0,0,0,Royal Challengers Bangalore,2014
MG Johnson,14,8,5,56,16,18.66,50,112.00,0,0,1,4,3,Kings XI Punjab,2014
JH Kallis,8,7,1,151,72,25.16,129,117.05,0,1,1,13,4,Kolkata Knight Riders,2014
Karanveer Singh,5,1,1,1,1,0,1,100.00,0,0,0,0,0,Kings XI Punjab,2014
KD Karthik,14,14,0,325,69,23.21,258,125.96,0,3,1,28,11,Delhi Daredevils,2014
M Kartik,2,0,0,0,0,0,0,0,0,0,0,0,0,Kings XI Punjab,2014
S Kaul,5,1,1,2,2,0,2,100.00,0,0,0,0,0,Delhi Daredevils,2014
Z Khan,6,4,3,8,7,8.00,7,114.28,0,0,1,0,1,Mumbai Indians,2014
V Kohli,14,14,1,359,73,27.61,294,122.10,0,2,3,23,16,Royal Challengers Bangalore,2014
DS Kulkarni,8,2,2,35,28,0,25,140.00,0,0,0,1,2,Rajasthan Royals,2014
B Kumar,14,2,1,1,1,1.00,4,25.00,0,0,0,0,0,Sunrisers Hyderabad,2014
P Kumar,3,1,0,1,1,1.00,2,50.00,0,0,0,0,0,Mumbai Indians,2014
CA Lynn,2,2,0,58,45,29.00,49,118.36,0,0,0,5,3,Kolkata Knight Riders,2014
BB McCullum,14,14,1,405,71,31.15,333,121.62,0,3,0,32,19,Chennai Super Kings,2014
NJ Maddinson,2,2,0,16,12,8.00,14,114.28,0,0,0,3,0,Royal Challengers Bangalore,2014
VS Malik,1,1,1,1,1,0,2,50.00,0,0,0,0,0,Rajasthan Royals,2014
SL Malinga,10,1,0,2,2,2.00,4,50.00,0,0,0,0,0,Mumbai Indians,2014
Mandeep Singh,3,3,0,24,21,8.00,26,92.30,0,0,1,2,0,Kings XI Punjab,2014
M Manhas,12,5,3,35,13,17.50,23,152.17,0,0,0,3,1,Chennai Super Kings,2014
SE Marsh,2,2,0,70,40,35.00,52,134.61,0,0,0,7,3,Kings XI Punjab,2014
GJ Maxwell,16,16,0,552,95,34.50,294,187.75,0,4,2,48,36,Kings XI Punjab,2014
DA Miller,16,16,6,446,66,44.60,299,149.16,0,3,0,34,21,Kings XI Punjab,2014
A Mishra,10,2,1,4,4,4.00,7,57.14,0,0,1,0,0,Sunrisers Hyderabad,2014
Mohammed Shami,12,4,2,3,1,1.50,7,42.85,0,0,1,0,0,Delhi Daredevils,2014
JA Morkel,7,5,2,45,16,15.00,41,109.75,0,0,0,1,3,Royal Challengers Bangalore,2014
M Morkel,12,2,2,4,4,0,3,133.33,0,0,0,0,0,Kolkata Knight Riders,2014
M Muralitharan,5,0,0,0,0,0,0,0,0,0,0,0,0,Royal Challengers Bangalore,2014
S Nadeem,11,3,1,7,3,3.50,19,36.84,0,0,0,0,0,Delhi Daredevils,2014
KK Nair,11,11,1,330,73,33.00,232,142.24,0,3,0,38,9,Rajasthan Royals,2014
SP Narine,16,5,3,10,6,5.00,14,71.42,0,0,1,0,0,Kolkata Knight Riders,2014
AM Nayar,5,4,1,43,23,14.33,47,91.48,0,0,0,5,1,Rajasthan Royals,2014
JDS Neesham,4,3,0,42,22,14.00,46,91.30,0,0,0,3,1,Delhi Daredevils,2014
P Negi,2,0,0,0,0,0,0,0,0,0,0,0,0,Chennai Super Kings,2014
A Nehra,4,0,0,0,0,0,0,0,0,0,0,0,0,Chennai Super Kings,2014
NV Ojha,11,10,4,232,79,38.66,161,144.09,0,1,0,14,17,Sunrisers Hyderabad,2014
PP Ojha,12,3,2,4,2,4.00,8,50.00,0,0,0,0,0,Mumbai Indians,2014
IC Pandey,13,0,0,0,0,0,0,0,0,0,0,0,0,Chennai Super Kings,2014
MK Pandey,16,16,3,401,94,30.84,340,117.94,0,2,1,35,10,Kolkata Knight Riders,2014
WD Parnell,8,2,1,2,2,2.00,2,100.00,0,0,0,0,0,Delhi Daredevils,2014
Parvez Rasool,3,1,1,0,0,0,0,0,0,0,0,0,0,Sunrisers Hyderabad,2014
AR Patel,17,8,2,62,42,10.33,60,103.33,0,0,0,6,1,Kings XI Punjab,2014
HV Patel,3,3,1,13,6,6.50,7,185.71,0,0,0,1,1,Royal Challengers Bangalore,2014
PA Patel,12,12,2,205,57,20.50,185,110.81,0,1,0,30,1,Royal Challengers Bangalore,2014
IK Pathan,10,6,4,55,23,27.50,54,101.85,0,0,0,5,0,Sunrisers Hyderabad,2014
YK Pathan,15,12,3,268,72,29.77,165,162.42,0,1,2,15,20,Kolkata Knight Riders,2014
KP Pietersen,11,11,1,294,58,29.40,233,126.18,0,1,1,34,7,Delhi Daredevils,2014
KA Pollard,15,15,7,273,78,34.12,203,134.48,0,1,1,15,15,Mumbai Indians,2014
CA Pujara,6,6,1,125,40,25.00,124,100.80,0,0,0,17,0,Kings XI Punjab,2014
AM Rahane,13,12,0,339,72,28.25,291,116.49,0,3,1,38,3,Rajasthan Royals,2014
KL Rahul,11,8,0,166,46,20.75,164,101.21,0,0,0,12,3,Sunrisers Hyderabad,2014
SK Raina,16,16,3,523,87,40.23,359,145.68,0,5,0,51,19,Chennai Super Kings,2014
R Rampaul,2,1,0,13,13,13.00,13,100.00,0,0,0,0,1,Royal Challengers Bangalore,2014
S Rana,9,7,4,73,19,24.33,65,112.30,0,0,0,7,1,Royal Challengers Bangalore,2014
AT Rayudu,15,14,0,361,68,25.78,287,125.78,0,2,0,31,8,Mumbai Indians,2014
KW Richardson,7,1,0,1,1,1.00,2,50.00,0,0,0,0,0,Rajasthan Royals,2014
RR Rossouw,3,3,0,39,24,13.00,41,95.12,0,0,0,2,2,Royal Challengers Bangalore,2014
AD Russell,2,2,0,2,1,1.00,8,25.00,0,0,0,0,0,Kolkata Knight Riders,2014
WP Saha,17,13,2,362,115,32.90,249,145.38,1,2,0,33,18,Kings XI Punjab,2014
DJG Sammy,10,9,2,108,29,15.42,91,118.68,0,0,1,4,8,Sunrisers Hyderabad,2014
SV Samson,13,13,0,339,74,26.07,273,124.17,0,2,0,25,17,Rajasthan Royals,2014
Sandeep Sharma,11,1,1,2,2,0,5,40.00,0,0,0,0,0,Kings XI Punjab,2014
K Santokie,2,0,0,0,0,0,0,0,0,0,0,0,0,Mumbai Indians,2014
V Sehwag,17,17,0,455,122,26.76,315,144.44,1,1,0,56,18,Kings XI Punjab,2014
V Shankar,1,0,0,0,0,0,0,0,0,0,0,0,0,Chennai Super Kings,2014
Shakib Al Hasan,13,11,4,227,60,32.42,152,149.34,0,1,1,22,7,Kolkata Knight Riders,2014
I Sharma,3,0,0,0,0,0,0,0,0,0,0,0,0,Sunrisers Hyderabad,2014
KV Sharma,14,8,4,42,17,10.50,29,144.82,0,0,1,1,3,Sunrisers Hyderabad,2014
MM Sharma,16,1,1,1,1,0,3,33.33,0,0,0,0,0,Chennai Super Kings,2014
R Sharma,2,0,0,0,0,0,0,0,0,0,0,0,0,Delhi Daredevils,2014
RG Sharma,15,15,2,390,59,30.00,302,129.13,0,3,0,31,16,Mumbai Indians,2014
Shivam Sharma,4,2,1,5,4,5.00,3,166.66,0,0,0,1,0,Kings XI Punjab,2014
LR Shukla,5,3,0,31,21,10.33,38,81.57,0,0,1,2,1,Delhi Daredevils,2014
R Shukla,3,3,2,18,14,18.00,21,85.71,0,0,0,2,0,Delhi Daredevils,2014
LMP Simmons,8,8,1,394,100,56.28,291,135.39,1,3,0,43,14,Mumbai Indians,2014
DR Smith,16,16,0,566,79,35.37,416,136.05,0,5,0,50,34,Chennai Super Kings,2014
SPD Smith,10,7,3,147,48,36.75,110,133.63,0,0,0,13,4,Rajasthan Royals,2014
TG Southee,3,1,0,4,4,4.00,4,100.00,0,0,0,1,0,Rajasthan Royals,2014
MA Starc,14,9,3,85,29,14.16,84,101.19,0,0,0,9,0,Royal Challengers Bangalore,2014
DW Steyn,14,4,1,22,12,7.33,26,84.61,0,0,0,1,0,Sunrisers Hyderabad,2014
P Suyal,1,0,0,0,0,0,0,0,0,0,0,0,0,Mumbai Indians,2014
YV Takawale,5,5,0,104,45,20.80,91,114.28,0,0,2,17,1,Royal Challengers Bangalore,2014
PV Tambe,13,2,0,5,3,2.50,9,55.55,0,0,0,0,0,Rajasthan Royals,2014
AP Tare,15,12,4,126,24,15.75,98,128.57,0,0,1,16,3,Mumbai Indians,2014
LRPL Taylor,4,4,1,59,43,19.66,59,100.00,0,0,0,6,0,Delhi Daredevils,2014
RN ten Doeschate,10,7,3,52,25,13.00,33,157.57,0,0,2,3,4,Kolkata Knight Riders,2014
R Tewatia,3,1,0,16,16,16.00,13,123.07,0,0,0,0,1,Rajasthan Royals,2014
MK Tiwary,8,8,3,152,61,30.40,118,128.81,0,1,1,14,4,Delhi Daredevils,2014
JD Unadkat,9,2,1,1,1,1.00,6,16.66,0,0,1,0,0,Delhi Daredevils,2014
RV Uthappa,16,16,1,660,83,44.00,479,137.78,0,5,1,74,18,Kolkata Knight Riders,2014
Y Venugopal Rao,7,5,2,71,27,23.66,63,112.69,0,0,0,8,0,Sunrisers Hyderabad,2014
M Vijay,11,11,0,207,52,18.81,192,107.81,0,1,1,20,5,Delhi Daredevils,2014
R Vinay Kumar,9,4,2,4,4,2.00,6,66.66,0,0,1,0,0,Kolkata Knight Riders,2014
M Vohra,8,8,0,324,67,40.50,233,139.05,0,1,0,27,16,Kings XI Punjab,2014
DA Warner,14,14,3,528,90,48.00,375,140.80,0,6,1,39,24,Sunrisers Hyderabad,2014
SR Watson,13,13,1,240,51,20.00,196,122.44,0,2,1,19,14,Rajasthan Royals,2014
SA Yadav,16,10,5,164,34,32.80,117,140.17,0,0,0,16,5,Kolkata Knight Riders,2014
UT Yadav,12,1,0,2,2,2.00,4,50.00,0,0,0,0,0,Kolkata Knight Riders,2014
DH Yagnik,1,1,1,4,4,0,6,66.66,0,0,0,0,0,Rajasthan Royals,2014
Yuvraj Singh,14,14,3,376,83,34.18,278,135.25,0,3,1,22,28,Royal Challengers Bangalore,2014
VH Zol,3,2,0,29,16,14.50,26,111.53,0,0,0,3,1,Royal Challengers Bangalore,2014
VR Aaron,6,1,0,6,6,6.00,3,200.00,0,0,0,0,1,Royal Challengers Bangalore,2015
SA Abbott,2,2,0,15,14,7.50,13,115.38,0,0,0,1,1,Royal Challengers Bangalore,2015
MA Agarwal,10,10,1,213,68,23.66,177,120.33,0,2,1,23,7,Delhi Daredevils,2015
AN Ahmed,3,3,2,10,5,10.00,5,200.00,0,0,0,2,0,Royal Challengers Bangalore,2015
CJ Anderson,4,4,1,114,55,38.00,97,117.52,0,2,0,11,6,Mumbai Indians,2015
Ankit Sharma,4,2,1,7,7,7.00,6,116.66,0,0,1,1,0,Rajasthan Royals,2015
Anureet Singh,14,6,3,18,10,6.00,31,58.06,0,0,2,0,1,Kings XI Punjab,2015
S Aravind,5,1,1,0,0,0,1,0.00,0,0,0,0,0,Royal Challengers Bangalore,2015
A Ashish Reddy,6,5,2,73,22,24.33,46,158.69,0,0,0,3,5,Sunrisers Hyderabad,2015
R Ashwin,14,6,3,52,23,17.33,32,162.50,0,0,0,6,1,Chennai Super Kings,2015
Azhar Mahmood,1,1,0,6,6,6.00,7,85.71,0,0,0,1,0,Kolkata Knight Riders,2015
GJ Bailey,13,13,2,259,61,23.54,190,136.31,0,2,0,22,7,Kings XI Punjab,2015
R Bhatia,2,1,0,0,0,0.00,1,0.00,0,0,1,0,0,Rajasthan Royals,2015
STR Binny,13,8,4,74,20,18.50,66,112.12,0,0,1,7,1,Rajasthan Royals,2015
Bipul Sharma,4,1,0,1,1,1.00,2,50.00,0,0,0,0,0,Sunrisers Hyderabad,2015
MS Bisla,2,2,0,37,20,18.50,30,123.33,0,0,0,6,1,Royal Challengers Bangalore,2015
RS Bopara,9,8,3,145,41,29.00,120,120.83,0,0,1,6,6,Sunrisers Hyderabad,2015
J Botha,4,3,0,31,17,10.33,15,206.66,0,0,0,5,1,Kolkata Knight Riders,2015
TA Boult,7,0,0,0,0,0,0,0,0,0,0,0,0,Sunrisers Hyderabad,2015
DJ Bravo,17,14,5,195,62,21.66,148,131.75,0,1,1,22,5,Chennai Super Kings,2015
JJ Bumrah,4,1,1,0,0,0,0,0,0,0,0,0,0,Mumbai Indians,2015
KC Cariappa,1,0,0,0,0,0,0,0,0,0,0,0,0,Kolkata Knight Riders,2015
YS Chahal,15,2,2,1,1,0,1,100.00,0,0,0,0,0,Royal Challengers Bangalore,2015
UBT Chand,6,5,0,102,58,20.40,83,122.89,0,1,0,13,2,Mumbai Indians,2015
PP Chawla,13,8,4,54,22,13.50,47,114.89,0,0,2,5,2,Kolkata Knight Riders,2015
NM Coulter-Nile,11,5,1,20,6,5.00,18,111.11,0,0,0,2,1,Delhi Daredevils,2015
PJ Cummins,3,1,0,0,0,0.00,2,0.00,0,0,1,0,0,Kolkata Knight Riders,2015
Q de Kock,3,3,0,122,69,40.66,77,158.44,0,2,0,18,4,Delhi Daredevils,2015
M de Lange,1,0,0,0,0,0,0,0,0,0,0,0,0,Mumbai Indians,2015
AB de Villiers,16,14,3,513,133,46.63,293,175.08,1,2,1,60,22,Royal Challengers Bangalore,2015
R Dhawan,5,5,3,36,25,18.00,33,109.09,0,0,0,2,2,Kings XI Punjab,2015
S Dhawan,14,14,1,353,54,27.15,286,123.42,0,3,0,45,6,Sunrisers Hyderabad,2015
MS Dhoni,17,17,5,372,53,31.00,305,121.96,0,1,1,27,17,Chennai Super Kings,2015
AB Dinda,2,0,0,0,0,0,0,0,0,0,0,0,0,Royal Challengers Bangalore,2015
JP Duminy,14,13,3,414,78,41.40,315,131.42,0,4,0,27,20,Delhi Daredevils,2015
F du Plessis,17,15,2,380,55,29.23,304,125.00,0,1,0,37,5,Chennai Super Kings,2015
JP Faulkner,13,11,3,144,46,18.00,109,132.11,0,0,0,12,5,Rajasthan Royals,2015
AJ Finch,3,3,1,23,10,11.50,33,69.69,0,0,0,4,0,Mumbai Indians,2015
G Gambhir,13,13,0,327,60,25.15,278,117.62,0,3,1,41,4,Kolkata Knight Riders,2015
CM Gautam,1,1,0,4,4,4.00,5,80.00,0,0,0,0,0,Delhi Daredevils,2015
CH Gayle,14,14,2,491,117,40.91,333,147.44,1,2,0,39,38,Royal Challengers Bangalore,2015
S Gopal,1,1,1,1,1,0,1,100.00,0,0,0,0,0,Mumbai Indians,2015
Gurkeerat Singh,5,5,0,35,15,7.00,39,89.74,0,0,0,3,1,Kings XI Punjab,2015
Harbhajan Singh,15,10,3,117,64,16.71,73,160.27,0,1,2,9,9,Mumbai Indians,2015
BE Hendricks,4,2,2,1,1,0,2,50.00,0,0,0,0,0,Kings XI Punjab,2015
MC Henriques,9,9,2,287,74,41.00,211,136.01,0,2,0,19,13,Sunrisers Hyderabad,2015
GB Hogg,6,2,1,7,5,7.00,6,116.66,0,0,0,0,0,Kolkata Knight Riders,2015
DJ Hooda,14,9,0,151,54,16.77,95,158.94,0,1,0,6,11,Rajasthan Royals,2015
MEK Hussey,4,4,0,77,56,19.25,70,110.00,0,1,0,5,3,Chennai Super Kings,2015
Imran Tahir,10,2,1,5,3,5.00,6,83.33,0,0,0,0,0,Delhi Daredevils,2015
Iqbal Abdulla,5,2,0,20,20,10.00,18,111.11,0,0,1,4,0,Royal Challengers Bangalore,2015
SS Iyer,14,14,1,439,83,33.76,342,128.36,0,4,2,41,21,Delhi Daredevils,2015
RA Jadeja,17,12,5,132,24,18.85,126,104.76,0,0,1,7,3,Chennai Super Kings,2015
KM Jadhav,14,12,4,189,63,23.62,140,135.00,0,1,1,16,7,Delhi Daredevils,2015
MG Johnson,9,8,4,31,13,7.75,36,86.11,0,0,1,1,1,Kings XI Punjab,2015
Karanveer Singh,4,3,2,11,5,11.00,16,68.75,0,0,0,1,0,Kings XI Punjab,2015
KD Karthik,16,11,0,141,28,12.81,117,120.51,0,0,0,15,4,Royal Challengers Bangalore,2015
SN Khan,13,8,4,111,45,27.75,71,156.33,0,0,0,12,2,Royal Challengers Bangalore,2015
Z Khan,7,0,0,0,0,0,0,0,0,0,0,0,0,Delhi Daredevils,2015
V Kohli,16,16,5,505,82,45.90,386,130.82,0,3,0,35,23,Royal Challengers Bangalore,2015
DS Kulkarni,11,2,0,4,3,2.00,11,36.36,0,0,0,0,0,Rajasthan Royals,2015
B Kumar,14,3,2,17,11,17.00,10,170.00,0,0,1,2,1,Sunrisers Hyderabad,2015
P Kumar,12,4,1,17,12,5.66,25,68.00,0,0,1,1,0,Sunrisers Hyderabad,2015
MJ McClenaghan,12,3,2,13,12,13.00,6,216.66,0,0,1,0,2,Mumbai Indians,2015
BB McCullum,14,14,1,436,100,33.53,280,155.71,1,2,0,51,23,Chennai Super Kings,2015
NJ Maddinson,1,1,0,4,4,4.00,7,57.14,0,0,0,1,0,Royal Challengers Bangalore,2015
SL Malinga,15,1,1,6,6,0,10,60.00,0,0,0,1,0,Mumbai Indians,2015
Mandeep Singh,14,9,2,157,54,22.42,100,157.00,0,1,2,17,6,Royal Challengers Bangalore,2015
SE Marsh,4,4,0,81,65,20.25,58,139.65,0,1,0,7,3,Kings XI Punjab,2015
AD Mathews,11,10,3,144,28,20.57,104,138.46,0,0,1,12,6,Delhi Daredevils,2015
GJ Maxwell,11,11,0,145,43,13.18,112,129.46,0,0,0,13,8,Kings XI Punjab,2015
DA Miller,13,13,2,357,89,32.45,266,134.21,0,2,0,21,21,Kings XI Punjab,2015
A Mishra,12,4,2,8,4,4.00,12,66.66,0,0,0,0,0,Delhi Daredevils,2015
RG More,2,1,1,2,2,0,2,100.00,0,0,0,0,0,Chennai Super Kings,2015
EJG Morgan,9,9,1,187,63,23.37,151,123.84,0,1,0,11,11,Sunrisers Hyderabad,2015
JA Morkel,4,3,2,86,73,86.00,65,132.30,0,1,0,9,2,Delhi Daredevils,2015
M Morkel,7,1,1,4,4,0,3,133.33,0,0,0,0,0,Kolkata Knight Riders,2015
CH Morris,11,7,5,76,34,38.00,46,165.21,0,0,1,3,5,Rajasthan Royals,2015
DJ Muthuswami,6,2,1,1,1,1.00,3,33.33,0,0,0,0,0,Delhi Daredevils,2015
S Nadeem,4,1,0,2,2,2.00,7,28.57,0,0,0,0,0,Delhi Daredevils,2015
KK Nair,14,12,1,181,61,16.45,145,124.82,0,1,0,18,5,Rajasthan Royals,2015
SP Narine,8,1,1,0,0,0,1,0.00,0,0,0,0,0,Kolkata Knight Riders,2015
P Negi,10,9,1,116,36,14.50,73,158.90,0,0,0,10,5,Chennai Super Kings,2015
A Nehra,16,4,3,1,1,1.00,7,14.28,0,0,1,0,0,Chennai Super Kings,2015
NV Ojha,14,11,1,137,28,13.70,121,113.22,0,0,2,12,4,Sunrisers Hyderabad,2015
PP Ojha,1,0,0,0,0,0,0,0,0,0,0,0,0,Mumbai Indians,2015
IC Pandey,10,0,0,0,0,0,0,0,0,0,0,0,0,Chennai Super Kings,2015
MK Pandey,13,12,1,225,40,20.45,184,122.28,0,0,1,22,7,Kolkata Knight Riders,2015
HH Pandya,9,8,3,112,61,22.40,62,180.64,0,1,2,9,8,Mumbai Indians,2015
Parvez Rasool,2,1,1,2,2,0,2,100.00,0,0,0,0,0,Sunrisers Hyderabad,2015
AR Patel,14,12,3,206,40,22.88,174,118.39,0,0,1,13,8,Kings XI Punjab,2015
HV Patel,15,7,2,19,9,3.80,12,158.33,0,0,2,0,2,Royal Challengers Bangalore,2015
PA Patel,14,14,1,339,59,26.07,246,137.80,0,2,2,47,5,Mumbai Indians,2015
YK Pathan,13,12,5,312,52,44.57,231,135.06,0,1,0,29,12,Kolkata Knight Riders,2015
NLTC Perera,2,2,0,12,9,6.00,15,80.00,0,0,0,0,1,Kings XI Punjab,2015
KA Pollard,16,14,3,419,70,38.09,256,163.67,0,2,0,28,28,Mumbai Indians,2015
AM Rahane,14,13,2,540,91,49.09,413,130.75,0,4,1,53,13,Rajasthan Royals,2015
KL Rahul,9,8,3,142,44,28.40,126,112.69,0,0,0,8,5,Sunrisers Hyderabad,2015
SK Raina,17,17,2,374,62,24.93,305,122.62,0,2,1,31,16,Chennai Super Kings,2015
AT Rayudu,15,14,5,281,53,31.22,193,145.59,0,1,2,18,16,Mumbai Indians,2015
RR Rossouw,2,2,0,14,14,7.00,10,140.00,0,0,1,1,1,Royal Challengers Bangalore,2015
AD Russell,13,11,2,326,66,36.22,169,192.89,0,3,0,35,19,Kolkata Knight Riders,2015
WP Saha,14,13,0,249,42,19.15,197,126.39,0,0,0,16,10,Kings XI Punjab,2015
DJG Sammy,2,2,0,13,7,6.50,18,72.22,0,0,0,0,0,Royal Challengers Bangalore,2015
SV Samson,14,11,1,204,76,20.40,163,125.15,0,1,0,16,8,Rajasthan Royals,2015
Sandeep Sharma,14,3,2,9,7,9.00,14,64.28,0,0,0,1,0,Kings XI Punjab,2015
GS Sandhu,3,0,0,0,0,0,0,0,0,0,0,0,0,Delhi Daredevils,2015
V Sehwag,8,8,0,99,47,12.37,84,117.85,0,0,1,12,3,Kings XI Punjab,2015
Shakib Al Hasan,4,3,0,36,23,12.00,27,133.33,0,0,1,5,0,Kolkata Knight Riders,2015
I Sharma,4,0,0,0,0,0,0,0,0,0,0,0,0,Sunrisers Hyderabad,2015
KV Sharma,14,9,3,104,32,17.33,85,122.35,0,0,0,3,6,Sunrisers Hyderabad,2015
MM Sharma,16,6,3,28,21,9.33,18,155.55,0,0,2,1,2,Chennai Super Kings,2015
RG Sharma,16,16,2,482,98,34.42,333,144.74,0,3,2,41,21,Mumbai Indians,2015
Shivam Sharma,1,0,0,0,0,0,0,0,0,0,0,0,0,Kings XI Punjab,2015
LMP Simmons,13,13,1,540,71,45.00,441,122.44,0,6,1,56,21,Mumbai Indians,2015
DR Smith,16,16,0,399,62,24.93,335,119.10,0,2,3,52,16,Chennai Super Kings,2015
SPD Smith,14,12,1,293,79,26.63,221,132.57,0,2,1,33,3,Rajasthan Royals,2015
TG Southee,7,3,2,13,7,13.00,9,144.44,0,0,0,1,0,Rajasthan Royals,2015
BB Sran,1,0,0,0,0,0,0,0,0,0,0,0,0,Rajasthan Royals,2015
MA Starc,13,3,2,11,9,11.00,14,78.57,0,0,0,1,0,Royal Challengers Bangalore,2015
DW Steyn,6,3,2,20,19,20.00,13,153.84,0,0,1,3,0,Sunrisers Hyderabad,2015
J Suchith,13,6,5,48,34,48.00,32,150.00,0,0,0,4,2,Mumbai Indians,2015
P Suyal,3,0,0,0,0,0,0,0,0,0,0,0,0,Mumbai Indians,2015
PV Tambe,10,2,2,3,2,0,5,60.00,0,0,0,0,0,Rajasthan Royals,2015
AP Tare,2,2,0,14,7,7.00,17,82.35,0,0,0,1,0,Mumbai Indians,2015
RN ten Doeschate,6,5,2,61,38,20.33,45,135.55,0,0,1,4,3,Kolkata Knight Riders,2015
R Tewatia,1,0,0,0,0,0,0,0,0,0,0,0,0,Rajasthan Royals,2015
SN Thakur,1,1,1,7,7,0,6,116.66,0,0,0,1,0,Kings XI Punjab,2015
J Theron,1,1,1,1,1,0,1,100.00,0,0,0,0,0,Rajasthan Royals,2015
MK Tiwary,5,3,1,57,32,28.50,56,101.78,0,0,0,8,1,Delhi Daredevils,2015
SS Tiwary,7,6,6,109,28,0,78,139.74,0,0,0,9,5,Delhi Daredevils,2015
JD Unadkat,1,0,0,0,0,0,0,0,0,0,0,0,0,Delhi Daredevils,2015
RV Uthappa,13,13,1,364,80,30.33,277,131.40,0,1,0,42,7,Kolkata Knight Riders,2015
GH Vihari,5,4,0,39,16,9.75,35,111.42,0,0,0,6,0,Sunrisers Hyderabad,2015
M Vijay,11,11,0,251,39,22.81,228,110.08,0,0,1,27,8,Kings XI Punjab,2015
R Vinay Kumar,13,3,2,0,0,0.00,2,0.00,0,0,1,0,0,Mumbai Indians,2015
M Vohra,7,7,0,82,39,11.71,81,101.23,0,0,0,4,5,Kings XI Punjab,2015
DA Warner,14,14,1,562,91,43.23,359,156.54,0,7,0,65,21,Sunrisers Hyderabad,2015
SR Watson,10,9,1,347,104,43.37,257,135.01,1,1,0,37,14,Rajasthan Royals,2015
D Wiese,14,7,3,122,47,30.50,86,141.86,0,0,0,12,4,Royal Challengers Bangalore,2015
KS Williamson,2,2,1,31,26,31.00,27,114.81,0,0,0,1,1,Sunrisers Hyderabad,2015
J Yadav,3,0,0,0,0,0,0,0,0,0,0,0,0,Delhi Daredevils,2015
SA Yadav,13,13,4,157,46,17.44,113,138.93,0,0,1,12,8,Kolkata Knight Riders,2015
UT Yadav,12,4,3,29,24,29.00,14,207.14,0,0,1,5,1,Kolkata Knight Riders,2015
Yuvraj Singh,14,13,0,248,57,19.07,210,118.09,0,2,1,23,10,Delhi Daredevils,2015
S Ladda,1,0,0,0,0,0,0,0,0,0,0,0,0,Gujarat Lions,2016
VR Aaron,8,1,1,0,0,0,0,0,0,0,0,0,0,Royal Challengers Bangalore,2016
KJ Abbott,5,3,2,13,12,13.00,8,162.50,0,0,1,0,1,Kings XI Punjab,2016
AD Nath,4,3,0,20,12,6.66,27,74.07,0,0,0,1,0,Gujarat Lions,2016
MA Agarwal,3,3,0,27,10,9.00,25,108.00,0,0,0,3,1,Delhi Daredevils,2016
HM Amla,6,6,0,157,96,26.16,119,131.93,0,1,1,20,4,Kings XI Punjab,2016
Ankit Sharma,3,1,1,3,3,0,3,100.00,0,0,0,0,0,Rising Pune Supergiants,2016
Anureet Singh,2,0,0,0,0,0,0,0,0,0,0,0,0,Kings XI Punjab,2016
S Aravind,9,0,0,0,0,0,0,0,0,0,0,0,0,Royal Challengers Bangalore,2016
A Ashish Reddy,4,3,1,47,32,23.50,29,162.06,0,0,0,2,4,Sunrisers Hyderabad,2016
M Ashwin,10,1,0,0,0,0.00,1,0.00,0,0,1,0,0,Rising Pune Supergiants,2016
R Ashwin,14,6,4,41,29,20.50,38,107.89,0,0,1,3,1,Rising Pune Supergiants,2016
GJ Bailey,6,5,1,84,34,21.00,98,85.71,0,0,1,9,2,Rising Pune Supergiants,2016
F Behardien,3,3,1,14,9,7.00,13,107.69,0,0,1,2,0,Kings XI Punjab,2016
R Bhatia,10,6,5,34,21,34.00,20,170.00,0,0,0,1,2,Rising Pune Supergiants,2016
SW Billings,5,4,0,88,54,22.00,64,137.50,0,1,0,4,4,Delhi Daredevils,2016
STR Binny,14,6,2,63,21,15.75,39,161.53,0,0,0,5,4,Royal Challengers Bangalore,2016
Bipul Sharma,7,4,2,51,27,25.50,25,204.00,0,0,0,1,5,Sunrisers Hyderabad,2016
SM Boland,2,0,0,0,0,0,0,0,0,0,0,0,0,Rising Pune Supergiants,2016
TA Boult,1,0,0,0,0,0,0,0,0,0,0,0,0,Sunrisers Hyderabad,2016
CR Brathwaite,8,6,0,83,34,13.83,38,218.42,0,0,0,6,8,Delhi Daredevils,2016
DJ Bravo,15,13,5,99,22,12.37,82,120.73,0,0,1,11,1,Gujarat Lions,2016
JJ Bumrah,14,2,1,8,6,8.00,11,72.72,0,0,0,1,0,Mumbai Indians,2016
JC Buttler,14,14,3,255,41,23.18,184,138.58,0,0,1,23,11,Mumbai Indians,2016
KC Cariappa,5,2,1,13,12,13.00,11,118.18,0,0,0,0,1,Kings XI Punjab,2016
YS Chahal,13,0,0,0,0,0,0,0,0,0,0,0,0,Royal Challengers Bangalore,2016
DL Chahar,2,0,0,0,0,0,0,0,0,0,0,0,0,Rising Pune Supergiants,2016
UBT Chand,1,1,0,0,0,0.00,4,0.00,0,0,1,0,0,Mumbai Indians,2016
PP Chawla,12,3,0,27,11,9.00,26,103.84,0,0,0,4,0,Kolkata Knight Riders,2016
NM Coulter-Nile,4,2,2,9,7,0,14,64.28,0,0,0,1,0,Delhi Daredevils,2016
BCJ Cutting,4,4,2,65,39,32.50,34,191.17,0,0,1,4,6,Sunrisers Hyderabad,2016
Q de Kock,13,13,1,445,108,37.08,327,136.08,1,3,0,52,13,Delhi Daredevils,2016
AB de Villiers,16,16,3,687,129,52.84,407,168.79,1,6,1,57,37,Royal Challengers Bangalore,2016
R Dhawan,2,2,2,14,11,0,6,233.33,0,0,0,0,1,Kings XI Punjab,2016
S Dhawan,17,17,4,501,82,38.53,429,116.78,0,4,1,51,8,Sunrisers Hyderabad,2016
MS Dhoni,14,12,5,284,64,40.57,210,135.23,0,1,0,18,14,Rising Pune Supergiants,2016
AB Dinda,9,0,0,0,0,0,0,0,0,0,0,0,0,Rising Pune Supergiants,2016
JP Duminy,10,8,3,191,49,38.20,156,122.43,0,0,0,13,3,Delhi Daredevils,2016
F du Plessis,6,6,0,206,69,34.33,162,127.16,0,2,0,17,9,Rising Pune Supergiants,2016
ER Dwivedi,4,2,0,24,19,12.00,14,171.42,0,0,0,2,2,Gujarat Lions,2016
JP Faulkner,7,5,2,77,32,25.66,59,130.50,0,0,0,7,0,Gujarat Lions,2016
AJ Finch,13,12,2,393,74,39.30,299,131.43,0,5,2,45,11,Gujarat Lions,2016
G Gambhir,15,15,2,501,90,38.53,411,121.89,0,5,1,54,6,Kolkata Knight Riders,2016
CH Gayle,10,10,0,227,76,22.70,150,151.33,0,2,1,17,21,Royal Challengers Bangalore,2016
S Gopal,1,1,0,2,2,2.00,16,12.50,0,0,0,0,0,Mumbai Indians,2016
MJ Guptill,3,3,0,57,48,19.00,55,103.63,0,0,0,3,3,Mumbai Indians,2016
Gurkeerat Singh,7,6,1,113,51,22.60,86,131.39,0,1,1,11,3,Kings XI Punjab,2016
PSP Handscomb,2,1,0,6,6,6.00,12,50.00,0,0,0,0,0,Rising Pune Supergiants,2016
Harbhajan Singh,14,7,4,92,45,30.66,84,109.52,0,0,1,11,2,Mumbai Indians,2016
JW Hastings,2,0,0,0,0,0,0,0,0,0,0,0,0,Kolkata Knight Riders,2016
TM Head,3,3,1,54,37,27.00,40,135.00,0,0,0,3,2,Royal Challengers Bangalore,2016
MC Henriques,17,15,3,182,31,15.16,158,115.18,0,0,1,15,6,Sunrisers Hyderabad,2016
GB Hogg,5,1,1,0,0,0,0,0,0,0,0,0,0,Kolkata Knight Riders,2016
JO Holder,4,4,0,22,13,5.50,19,115.78,0,0,1,2,1,Kolkata Knight Riders,2016
DJ Hooda,17,15,1,144,34,10.28,121,119.00,0,0,0,9,5,Sunrisers Hyderabad,2016
Imran Tahir,4,1,0,5,5,5.00,7,71.42,0,0,0,1,0,Delhi Daredevils,2016
Iqbal Abdulla,8,2,2,37,33,0,27,137.03,0,0,0,4,1,Royal Challengers Bangalore,2016
Ishan Kishan,5,5,0,42,27,8.40,41,102.43,0,0,1,5,0,Gujarat Lions,2016
SS Iyer,6,6,0,30,19,5.00,43,69.76,0,0,3,2,1,Delhi Daredevils,2016
RA Jadeja,15,15,6,191,36,21.22,177,107.90,0,0,1,14,4,Gujarat Lions,2016
KM Jadhav,4,3,3,42,25,0,32,131.25,0,0,0,2,2,Royal Challengers Bangalore,2016
SB Jakati,6,1,1,1,1,0,2,50.00,0,0,0,0,0,Gujarat Lions,2016
MG Johnson,3,3,1,5,4,2.50,14,35.71,0,0,0,0,0,Kings XI Punjab,2016
CJ Jordan,9,1,0,3,3,3.00,4,75.00,0,0,0,0,0,Royal Challengers Bangalore,2016
KD Karthik,16,15,2,335,53,25.76,266,125.93,0,3,1,38,3,Gujarat Lions,2016
S Kaushik,7,2,1,0,0,0.00,1,0.00,0,0,1,0,0,Gujarat Lions,2016
SN Khan,5,4,2,66,35,33.00,31,212.90,0,0,0,7,4,Royal Challengers Bangalore,2016
Z Khan,12,2,0,6,4,3.00,13,46.15,0,0,0,1,0,Delhi Daredevils,2016
UT Khawaja,6,6,0,127,30,21.16,100,127.00,0,0,0,14,3,Rising Pune Supergiants,2016
V Kohli,16,16,4,973,113,81.08,640,152.03,4,7,1,83,38,Royal Challengers Bangalore,2016
Kuldeep Yadav,3,0,0,0,0,0,0,0,0,0,0,0,0,Kolkata Knight Riders,2016
DS Kulkarni,14,5,3,27,10,13.50,16,168.75,0,0,0,3,0,Gujarat Lions,2016
B Kumar,17,8,2,43,21,7.16,27,159.25,0,0,0,6,1,Sunrisers Hyderabad,2016
P Kumar,16,7,3,24,15,6.00,26,92.30,0,0,1,3,0,Gujarat Lions,2016
CA Lynn,2,2,1,25,15,25.00,22,113.63,0,0,0,0,1,Kolkata Knight Riders,2016
MJ McClenaghan,14,5,2,34,20,11.33,23,147.82,0,0,0,2,3,Mumbai Indians,2016
BB McCullum,16,16,0,354,60,22.12,262,135.11,0,1,1,38,16,Gujarat Lions,2016
Mandeep Singh,1,0,0,0,0,0,0,0,0,0,0,0,0,Royal Challengers Bangalore,2016
MR Marsh,3,1,0,7,7,7.00,11,63.63,0,0,0,0,0,Rising Pune Supergiants,2016
SE Marsh,6,6,1,159,56,31.80,134,118.65,0,1,0,13,4,Kings XI Punjab,2016
GJ Maxwell,11,11,2,179,68,19.88,124,144.35,0,2,3,14,8,Kings XI Punjab,2016
DA Miller,14,13,3,161,31,16.10,131,122.90,0,0,1,11,4,Kings XI Punjab,2016
AF Milne,1,0,0,0,0,0,0,0,0,0,0,0,0,Royal Challengers Bangalore,2016
A Mishra,14,2,0,4,3,2.00,14,28.57,0,0,0,0,0,Delhi Daredevils,2016
Mohammed Shami,8,2,2,2,2,0,4,50.00,0,0,0,0,0,Delhi Daredevils,2016
EJG Morgan,7,6,1,123,51,24.60,105,117.14,0,1,1,8,4,Sunrisers Hyderabad,2016
JA Morkel,2,1,0,16,16,16.00,9,177.77,0,0,0,0,2,Rising Pune Supergiants,2016
M Morkel,10,2,2,1,1,0,1,100.00,0,0,0,0,0,Kolkata Knight Riders,2016
CH Morris,12,7,4,195,82,65.00,109,178.89,0,1,1,15,12,Delhi Daredevils,2016
C Munro,4,3,0,30,16,10.00,30,100.00,0,0,0,3,0,Kolkata Knight Riders,2016
Mustafizur Rahman,16,0,0,0,0,0,0,0,0,0,0,0,0,Sunrisers Hyderabad,2016
S Nadeem,4,1,1,1,1,0,5,20.00,0,0,0,0,0,Delhi Daredevils,2016
NS Naik,2,2,0,23,22,11.50,31,74.19,0,0,0,1,0,Kings XI Punjab,2016
KK Nair,14,12,2,357,83,35.70,297,120.20,0,3,0,40,6,Delhi Daredevils,2016
SP Narine,11,4,3,7,4,7.00,13,53.84,0,0,0,0,0,Kolkata Knight Riders,2016
P Negi,8,6,4,57,19,28.50,59,96.61,0,0,0,2,3,Delhi Daredevils,2016
A Nehra,8,2,2,1,1,0,1,100.00,0,0,0,0,0,Sunrisers Hyderabad,2016
NV Ojha,17,13,3,136,37,13.60,138,98.55,0,0,1,7,5,Sunrisers Hyderabad,2016
MK Pandey,12,11,3,248,52,31.00,183,135.51,0,2,1,17,9,Kolkata Knight Riders,2016
HH Pandya,11,9,2,44,9,6.28,63,69.84,0,0,0,4,0,Mumbai Indians,2016
KH Pandya,12,9,3,237,86,39.50,124,191.12,0,1,0,22,13,Mumbai Indians,2016
RR Pant,10,10,2,198,69,24.75,152,130.26,0,1,0,19,6,Delhi Daredevils,2016
Parvez Rasool,4,1,0,10,10,10.00,9,111.11,0,0,0,1,0,Royal Challengers Bangalore,2016
AR Patel,14,10,3,111,36,15.85,77,144.15,0,0,2,4,8,Kings XI Punjab,2016
HV Patel,5,1,1,0,0,0,0,0,0,0,0,0,0,Royal Challengers Bangalore,2016
PA Patel,10,10,0,177,81,17.70,152,116.44,0,1,1,23,4,Mumbai Indians,2016
IK Pathan,4,3,0,11,7,3.66,13,84.61,0,0,0,0,0,Rising Pune Supergiants,2016
YK Pathan,15,13,8,361,63,72.20,248,145.56,0,3,0,33,13,Kolkata Knight Riders,2016
NLTC Perera,12,10,3,150,34,21.42,93,161.29,0,0,0,7,11,Rising Pune Supergiants,2016
KP Pietersen,4,4,2,73,37,36.50,61,119.67,0,0,0,4,3,Rising Pune Supergiants,2016
KA Pollard,13,12,4,207,51,25.87,144,143.75,0,1,0,11,16,Mumbai Indians,2016
AM Rahane,14,14,3,480,74,43.63,379,126.64,0,6,2,54,9,Rising Pune Supergiants,2016
KL Rahul,14,12,3,397,68,44.11,271,146.49,0,4,1,37,16,Royal Challengers Bangalore,2016
SK Raina,15,15,1,399,75,28.50,312,127.88,0,3,0,39,10,Gujarat Lions,2016
AS Rajpoot,4,0,0,0,0,0,0,0,0,0,0,0,0,Kolkata Knight Riders,2016
N Rana,4,3,0,104,70,34.66,75,138.66,0,1,0,7,8,Mumbai Indians,2016
AT Rayudu,13,12,1,334,65,30.36,278,120.14,0,2,1,28,12,Mumbai Indians,2016
KW Richardson,4,1,1,1,1,0,1,100.00,0,0,0,0,0,Royal Challengers Bangalore,2016
AD Russell,12,8,1,188,39,26.85,114,164.91,0,0,0,10,15,Kolkata Knight Riders,2016
Sachin Baby,11,6,2,119,33,29.75,79,150.63,0,0,1,9,5,Royal Challengers Bangalore,2016
WP Saha,12,12,1,270,56,24.54,212,127.35,0,2,0,29,1,Kings XI Punjab,2016
P Sahu,5,2,1,19,18,19.00,13,146.15,0,0,0,1,1,Kings XI Punjab,2016
SV Samson,14,14,3,291,60,26.45,259,112.35,0,1,0,20,8,Delhi Daredevils,2016
Sandeep Sharma,14,4,4,8,5,0,9,88.88,0,0,0,0,0,Kings XI Punjab,2016
PJ Sangwan,2,0,0,0,0,0,0,0,0,0,0,0,0,Gujarat Lions,2016
R Sathish,4,3,0,24,10,8.00,24,100.00,0,0,0,1,1,Kolkata Knight Riders,2016
T Shamsi,4,0,0,0,0,0,0,0,0,0,0,0,0,Royal Challengers Bangalore,2016
Shakib Al Hasan,10,7,2,114,66,22.80,106,107.54,0,1,0,7,5,Kolkata Knight Riders,2016
I Sharma,4,1,1,0,0,0,0,0,0,0,0,0,0,Rising Pune Supergiants,2016
KV Sharma,5,3,3,36,26,0,30,120.00,0,0,0,3,1,Sunrisers Hyderabad,2016
MM Sharma,14,6,2,32,15,8.00,26,123.07,0,0,0,3,1,Kings XI Punjab,2016
RG Sharma,14,14,3,489,85,44.45,368,132.88,0,5,1,49,16,Mumbai Indians,2016
LMP Simmons,1,1,0,8,8,8.00,8,100.00,0,0,0,0,1,Mumbai Indians,2016
RP Singh,4,0,0,0,0,0,0,0,0,0,0,0,0,Rising Pune Supergiants,2016
DR Smith,12,12,1,324,73,29.45,221,146.60,0,3,1,35,16,Gujarat Lions,2016
SPD Smith,8,7,1,270,101,45.00,176,153.40,1,0,0,27,8,Rising Pune Supergiants,2016
TG Southee,11,4,1,30,25,10.00,19,157.89,0,0,0,1,2,Mumbai Indians,2016
BB Sran,14,4,4,4,2,0,4,100.00,0,0,0,0,0,Sunrisers Hyderabad,2016
DW Steyn,1,1,0,1,1,1.00,2,50.00,0,0,0,0,0,Gujarat Lions,2016
MP Stoinis,7,5,1,146,52,36.50,108,135.18,0,1,1,13,4,Kings XI Punjab,2016
J Suchith,1,0,0,0,0,0,0,0,0,0,0,0,0,Mumbai Indians,2016
Swapnil Singh,1,1,0,0,0,0.00,1,0.00,0,0,1,0,0,Kings XI Punjab,2016
PV Tambe,7,1,1,7,7,0,19,36.84,0,0,0,1,0,Gujarat Lions,2016
AP Tare,3,2,0,8,8,4.00,15,53.33,0,0,1,1,0,Sunrisers Hyderabad,2016
SS Tiwary,10,8,1,170,57,24.28,141,120.56,0,2,0,17,4,Rising Pune Supergiants,2016
JD Unadkat,1,0,0,0,0,0,0,0,0,0,0,0,0,Kolkata Knight Riders,2016
RV Uthappa,15,15,0,394,72,26.26,289,136.33,0,3,1,45,8,Kolkata Knight Riders,2016
M Vijay,14,14,1,453,89,34.84,364,124.45,0,5,0,50,10,Kings XI Punjab,2016
R Vinay Kumar,3,2,1,13,12,13.00,12,108.33,0,0,0,0,1,Mumbai Indians,2016
M Vohra,7,7,0,161,51,23.00,131,122.90,0,1,1,19,3,Kings XI Punjab,2016
DA Warner,17,17,3,848,93,60.57,560,151.42,0,9,1,88,31,Sunrisers Hyderabad,2016
SR Watson,16,15,2,179,36,13.76,134,133.58,0,0,1,14,12,Royal Challengers Bangalore,2016
D Wiese,1,1,1,5,5,0,4,125.00,0,0,0,0,0,Royal Challengers Bangalore,2016
KS Williamson,6,6,0,124,50,20.66,122,101.63,0,1,0,14,0,Sunrisers Hyderabad,2016
J Yadav,5,2,0,6,5,3.00,10,60.00,0,0,0,0,0,Delhi Daredevils,2016
SA Yadav,15,11,4,182,60,26.00,143,127.27,0,1,0,18,5,Kolkata Knight Riders,2016
UT Yadav,9,2,1,9,7,9.00,5,180.00,0,0,0,0,1,Kolkata Knight Riders,2016
Yuvraj Singh,10,10,1,236,44,26.22,179,131.84,0,0,0,22,13,Sunrisers Hyderabad,2016
A Zampa,5,1,0,0,0,0.00,1,0.00,0,0,1,0,0,Rising Pune Supergiants,2016
AR Bawne,1,1,1,12,12,0,12,100.00,0,0,0,1,0,Delhi Daredevils,2017
VR Aaron,6,2,1,4,4,4.00,10,40.00,0,0,0,0,0,Kings XI Punjab,2017
AD Nath,1,1,0,0,0,0.00,1,0.00,0,0,1,0,0,Gujarat Lions,2017
MA Agarwal,3,3,0,26,20,8.66,27,96.29,0,0,1,3,0,Rising Pune Supergiant,2017
SS Agarwal,1,0,0,0,0,0,0,0,0,0,0,0,0,Gujarat Lions,2017
HM Amla,10,10,3,420,104,60.00,288,145.83,2,2,1,40,17,Kings XI Punjab,2017
CJ Anderson,11,11,4,142,41,20.28,123,115.44,0,0,1,8,9,Delhi Daredevils,2017
Ankit Sharma,1,1,0,25,25,25.00,15,166.66,0,0,0,2,1,Rising Pune Supergiant,2017
Ankit Soni,7,3,1,7,7,3.50,9,77.77,0,0,2,0,1,Gujarat Lions,2017
Anureet Singh,1,1,0,15,15,15.00,12,125.00,0,0,0,2,0,Kings XI Punjab,2017
S Aravind,10,8,4,32,9,8.00,40,80.00,0,0,2,2,0,Royal Challengers Bangalore,2017
Avesh Khan,1,0,0,0,0,0,0,0,0,0,0,0,0,Royal Challengers Bangalore,2017
S Badree,7,5,0,13,8,2.60,23,56.52,0,0,2,0,0,Royal Challengers Bangalore,2017
Basil Thampi,12,5,5,28,13,0,28,100.00,0,0,0,1,1,Gujarat Lions,2017
R Bhatia,3,2,1,16,16,16.00,17,94.11,0,0,0,0,1,Rising Pune Supergiant,2017
SW Billings,6,6,0,138,55,23.00,104,132.69,0,1,1,19,1,Delhi Daredevils,2017
STR Binny,8,7,2,78,18,15.60,76,102.63,0,0,0,6,3,Royal Challengers Bangalore,2017
Bipul Sharma,7,3,2,31,21,31.00,24,129.16,0,0,0,2,1,Sunrisers Hyderabad,2017
TA Boult,6,1,1,5,5,0,8,62.50,0,0,0,0,0,Kolkata Knight Riders,2017
CR Brathwaite,2,2,0,12,11,6.00,15,80.00,0,0,0,2,0,Delhi Daredevils,2017
DM Bravo,1,1,1,6,6,0,5,120.00,0,0,0,1,0,Kolkata Knight Riders,2017
JJ Bumrah,16,2,1,16,16,16.00,12,133.33,0,0,1,0,1,Mumbai Indians,2017
JC Buttler,10,10,0,272,77,27.20,177,153.67,0,1,0,27,15,Mumbai Indians,2017
KC Cariappa,4,2,0,2,1,1.00,7,28.57,0,0,0,0,0,Kings XI Punjab,2017
YS Chahal,13,6,3,13,4,4.33,26,50.00,0,0,1,0,0,Royal Challengers Bangalore,2017
DL Chahar,3,1,0,14,14,14.00,6,233.33,0,0,0,0,2,Rising Pune Supergiant,2017
RD Chahar,3,1,1,3,3,0,2,150.00,0,0,0,0,0,Rising Pune Supergiant,2017
PP Chawla,6,1,0,2,2,2.00,6,33.33,0,0,0,0,0,Kolkata Knight Riders,2017
A Choudhary,5,3,2,25,15,25.00,20,125.00,0,0,0,1,1,Royal Challengers Bangalore,2017
DT Christian,13,9,4,79,17,15.80,49,161.22,0,0,0,5,5,Rising Pune Supergiant,2017
NM Coulter-Nile,8,3,0,14,6,4.66,12,116.66,0,0,0,0,2,Kolkata Knight Riders,2017
PJ Cummins,12,9,4,77,24,15.40,53,145.28,0,0,0,5,4,Delhi Daredevils,2017
BCJ Cutting,4,3,1,51,20,25.50,26,196.15,0,0,0,5,3,Sunrisers Hyderabad,2017
C de Grandhomme,12,9,1,126,36,15.75,92,136.95,0,0,3,10,6,Kolkata Knight Riders,2017
AB de Villiers,9,9,1,216,89,27.00,163,132.51,0,1,0,12,16,Royal Challengers Bangalore,2017
S Dhawan,14,14,1,479,77,36.84,376,127.39,0,3,0,53,9,Sunrisers Hyderabad,2017
MS Dhoni,16,15,4,290,61,26.36,250,116.00,0,1,0,15,16,Rising Pune Supergiant,2017
AB Dinda,3,1,0,7,7,7.00,7,100.00,0,0,0,1,0,Rising Pune Supergiant,2017
F du Plessis,2,1,0,8,8,8.00,7,114.28,0,0,0,1,0,Rising Pune Supergiant,2017
JP Faulkner,8,6,2,54,21,13.50,57,94.73,0,0,0,4,0,Gujarat Lions,2017
LH Ferguson,4,1,1,1,1,0,1,100.00,0,0,0,0,0,Rising Pune Supergiant,2017
AJ Finch,13,13,1,299,72,24.91,180,166.11,0,2,1,25,19,Gujarat Lions,2017
G Gambhir,16,16,4,498,76,41.50,389,128.02,0,4,0,62,7,Kolkata Knight Riders,2017
CH Gayle,9,9,0,200,77,22.22,163,122.69,0,1,2,15,14,Royal Challengers Bangalore,2017
MS Gony,1,0,0,0,0,0,0,0,0,0,0,0,0,Gujarat Lions,2017
MJ Guptill,7,7,1,132,50,22.00,88,150.00,0,1,1,17,5,Kings XI Punjab,2017
Gurkeerat Singh,2,0,0,0,0,0,0,0,0,0,0,0,0,Kings XI Punjab,2017
Harbhajan Singh,11,7,5,16,7,8.00,16,100.00,0,0,1,0,1,Mumbai Indians,2017
TM Head,7,7,2,151,75,30.20,108,139.81,0,1,1,9,6,Royal Challengers Bangalore,2017
MC Henriques,12,11,5,277,55,46.16,203,136.45,0,3,0,28,4,Sunrisers Hyderabad,2017
MJ Henry,2,0,0,0,0,0,0,0,0,0,0,0,0,Kings XI Punjab,2017
DJ Hooda,10,6,3,78,19,26.00,52,150.00,0,0,0,5,4,Sunrisers Hyderabad,2017
Imran Tahir,12,1,1,0,0,0,2,0.00,0,0,0,0,0,Rising Pune Supergiant,2017
Iqbal Abdulla,2,1,1,5,5,0,7,71.42,0,0,0,0,0,Royal Challengers Bangalore,2017
Ishan Kishan,11,10,0,277,61,27.70,206,134.46,0,1,0,29,13,Gujarat Lions,2017
SS Iyer,12,12,2,338,96,33.80,243,139.09,0,2,0,36,10,Delhi Daredevils,2017
SP Jackson,4,3,1,38,16,19.00,31,122.58,0,0,0,5,0,Kolkata Knight Riders,2017
RA Jadeja,12,10,6,158,28,39.50,113,139.82,0,0,0,13,4,Gujarat Lions,2017
KM Jadhav,13,13,1,267,69,22.25,186,143.54,0,1,0,25,10,Royal Challengers Bangalore,2017
IR Jaggi,2,2,1,33,28,33.00,39,84.61,0,0,0,3,0,Kolkata Knight Riders,2017
SB Jakati,2,0,0,0,0,0,0,0,0,0,0,0,0,Gujarat Lions,2017
MG Johnson,5,3,3,20,13,0,17,117.64,0,0,0,1,1,Mumbai Indians,2017
CJ Jordan,1,1,0,0,0,0.00,1,0.00,0,0,1,0,0,Sunrisers Hyderabad,2017
KD Karthik,14,13,3,361,65,36.10,259,139.38,0,2,1,30,11,Gujarat Lions,2017
S Kaul,10,1,1,0,0,0,2,0.00,0,0,0,0,0,Sunrisers Hyderabad,2017
S Kaushik,3,0,0,0,0,0,0,0,0,0,0,0,0,Gujarat Lions,2017
Z Khan,11,3,2,4,2,4.00,13,30.76,0,0,0,0,0,Delhi Daredevils,2017
V Kohli,10,10,0,308,64,30.80,252,122.22,0,4,1,23,11,Royal Challengers Bangalore,2017
Kuldeep Yadav,12,2,0,20,16,10.00,22,90.90,0,0,0,2,0,Kolkata Knight Riders,2017
DS Kulkarni,6,1,0,1,1,1.00,2,50.00,0,0,0,0,0,Gujarat Lions,2017
B Kumar,14,2,1,4,4,4.00,4,100.00,0,0,1,0,0,Sunrisers Hyderabad,2017
P Kumar,6,2,1,8,7,8.00,9,88.88,0,0,0,0,0,Gujarat Lions,2017
CA Lynn,7,7,1,295,93,49.16,163,180.98,0,3,0,25,19,Kolkata Knight Riders,2017
MJ McClenaghan,14,7,3,16,12,4.00,15,106.66,0,0,2,0,1,Mumbai Indians,2017
BB McCullum,11,11,0,319,72,29.00,217,147.00,0,2,0,29,18,Gujarat Lions,2017
SL Malinga,12,2,2,7,7,0,3,233.33,0,0,0,0,1,Mumbai Indians,2017
Mandeep Singh,11,10,0,188,52,18.80,177,106.21,0,1,2,21,4,Royal Challengers Bangalore,2017
SE Marsh,9,8,0,264,84,33.00,194,136.08,0,2,0,36,5,Kings XI Punjab,2017
AD Mathews,3,2,0,32,31,16.00,27,118.51,0,0,0,2,1,Delhi Daredevils,2017
GJ Maxwell,14,13,3,310,47,31.00,179,173.18,0,0,3,19,26,Kings XI Punjab,2017
DA Miller,5,4,1,83,30,27.66,80,103.75,0,0,0,4,4,Kings XI Punjab,2017
TS Mills,5,3,0,8,6,2.66,11,72.72,0,0,1,0,1,Royal Challengers Bangalore,2017
AF Milne,4,3,1,7,5,3.50,12,58.33,0,0,0,0,0,Royal Challengers Bangalore,2017
A Mishra,14,6,5,49,13,49.00,52,94.23,0,0,0,2,2,Delhi Daredevils,2017
Mohammad Nabi,3,1,0,2,2,2.00,3,66.66,0,0,0,0,0,Sunrisers Hyderabad,2017
Mohammed Shami,8,6,2,36,21,9.00,24,150.00,0,0,0,4,2,Delhi Daredevils,2017
Mohammed Siraj,6,0,0,0,0,0,0,0,0,0,0,0,0,Sunrisers Hyderabad,2017
EJG Morgan,4,4,0,65,26,16.25,62,104.83,0,0,0,6,2,Kings XI Punjab,2017
CH Morris,9,9,4,154,52,30.80,94,163.82,0,1,0,15,6,Delhi Daredevils,2017
Mustafizur Rahman,1,0,0,0,0,0,0,0,0,0,0,0,0,Sunrisers Hyderabad,2017
S Nadeem,7,4,1,2,2,0.66,9,22.22,0,0,2,0,0,Delhi Daredevils,2017
KK Nair,14,13,0,281,64,21.61,226,124.33,0,1,1,39,6,Delhi Daredevils,2017
SP Narine,16,14,1,224,54,17.23,130,172.30,0,1,2,34,10,Kolkata Knight Riders,2017
T Natarajan,6,0,0,0,0,0,0,0,0,0,0,0,0,Kings XI Punjab,2017
P Negi,12,10,2,144,35,18.00,111,129.72,0,0,0,10,7,Royal Challengers Bangalore,2017
A Nehra,6,2,2,0,0,0,0,0,0,0,0,0,0,Sunrisers Hyderabad,2017
NV Ojha,14,5,1,79,34,19.75,65,121.53,0,0,0,2,3,Sunrisers Hyderabad,2017
MK Pandey,14,13,5,396,81,49.50,308,128.57,0,2,0,28,12,Kolkata Knight Riders,2017
HH Pandya,17,16,9,250,35,35.71,160,156.25,0,0,0,11,20,Mumbai Indians,2017
KH Pandya,13,11,4,243,47,34.71,179,135.75,0,0,0,24,7,Mumbai Indians,2017
RR Pant,14,14,0,366,97,26.14,221,165.61,0,2,3,28,24,Delhi Daredevils,2017
AR Patel,14,13,5,227,44,28.37,162,140.12,0,0,1,11,11,Kings XI Punjab,2017
HV Patel,1,0,0,0,0,0,0,0,0,0,0,0,0,Royal Challengers Bangalore,2017
MM Patel,2,1,0,0,0,0.00,1,0.00,0,0,1,0,0,Gujarat Lions,2017
PA Patel,16,16,0,395,70,24.68,293,134.81,0,2,2,49,8,Mumbai Indians,2017
IK Pathan,1,1,0,2,2,2.00,3,66.66,0,0,0,0,0,Gujarat Lions,2017
YK Pathan,15,11,3,143,59,17.87,115,124.34,0,1,1,9,6,Kolkata Knight Riders,2017
KA Pollard,17,16,3,385,70,29.61,276,139.49,0,3,0,26,22,Mumbai Indians,2017
K Rabada,6,3,0,55,44,18.33,64,85.93,0,0,1,5,1,Delhi Daredevils,2017
AM Rahane,16,16,1,382,60,25.46,323,118.26,0,2,2,35,9,Rising Pune Supergiant,2017
SK Raina,14,14,3,442,84,40.18,307,143.97,0,3,0,42,13,Gujarat Lions,2017
AS Rajpoot,5,1,0,4,4,4.00,7,57.14,0,0,0,1,0,Kolkata Knight Riders,2017
N Rana,13,12,1,333,62,30.27,264,126.13,0,3,0,24,17,Mumbai Indians,2017
Rashid Khan,14,3,1,11,6,5.50,9,122.22,0,0,0,0,1,Sunrisers Hyderabad,2017
AT Rayudu,5,5,0,91,63,18.20,78,116.66,0,1,1,7,3,Mumbai Indians,2017
JJ Roy,3,3,1,59,31,29.50,40,147.50,0,0,0,9,1,Gujarat Lions,2017
Sachin Baby,3,3,0,15,12,5.00,15,100.00,0,0,0,2,0,Royal Challengers Bangalore,2017
WP Saha,14,11,1,234,93,23.40,187,125.13,0,1,1,20,8,Kings XI Punjab,2017
SV Samson,14,14,0,386,102,27.57,273,141.39,1,2,2,32,19,Delhi Daredevils,2017
MN Samuels,5,4,0,29,27,7.25,31,93.54,0,0,1,1,2,Delhi Daredevils,2017
Sandeep Sharma,13,4,4,7,5,0,6,116.66,0,0,0,0,0,Kings XI Punjab,2017
PJ Sangwan,5,3,1,2,1,1.00,4,50.00,0,0,1,0,0,Gujarat Lions,2017
V Shankar,4,4,2,101,63,50.50,75,134.66,0,1,0,12,1,Sunrisers Hyderabad,2017
Shakib Al Hasan,1,1,1,1,1,0,1,100.00,0,0,0,0,0,Kolkata Knight Riders,2017
I Sharma,6,3,1,8,5,4.00,12,66.66,0,0,0,1,0,Kings XI Punjab,2017
KV Sharma,9,6,0,49,19,8.16,41,119.51,0,0,0,5,2,Mumbai Indians,2017
MM Sharma,14,7,1,51,13,8.50,50,102.00,0,0,0,3,1,Kings XI Punjab,2017
RG Sharma,17,16,2,333,67,23.78,273,121.97,0,3,1,31,9,Mumbai Indians,2017
LMP Simmons,7,7,0,137,66,19.57,112,122.32,0,2,1,10,8,Mumbai Indians,2017
NB Singh,2,0,0,0,0,0,0,0,0,0,0,0,0,Gujarat Lions,2017
DR Smith,12,12,1,239,74,21.72,156,153.20,0,2,2,32,8,Gujarat Lions,2017
SPD Smith,15,15,3,472,84,39.33,387,121.96,0,3,0,38,12,Rising Pune Supergiant,2017
TG Southee,3,1,0,7,7,7.00,3,233.33,0,0,0,0,1,Mumbai Indians,2017
BB Sran,1,0,0,0,0,0,0,0,0,0,0,0,0,Sunrisers Hyderabad,2017
B Stanlake,2,0,0,0,0,0,0,0,0,0,0,0,0,Royal Challengers Bangalore,2017
MP Stoinis,5,3,0,17,9,5.66,24,70.83,0,0,0,1,0,Kings XI Punjab,2017
BA Stokes,12,11,1,316,103,31.60,221,142.98,1,1,0,22,15,Rising Pune Supergiant,2017
Swapnil Singh,4,2,0,12,10,6.00,19,63.15,0,0,0,0,0,Kings XI Punjab,2017
AP Tare,3,3,0,18,18,6.00,23,78.26,0,0,2,3,0,Delhi Daredevils,2017
Tejas Baroka,1,0,0,0,0,0,0,0,0,0,0,0,0,Gujarat Lions,2017
R Tewatia,3,2,1,19,15,19.00,11,172.72,0,0,0,4,0,Kings XI Punjab,2017
SN Thakur,12,3,0,0,0,0.00,3,0.00,0,0,3,0,0,Rising Pune Supergiant,2017
MK Tiwary,15,13,3,324,60,32.40,236,137.28,0,2,1,31,11,Rising Pune Supergiant,2017
SS Tiwary,1,1,0,52,52,52.00,43,120.93,0,1,0,9,0,Mumbai Indians,2017
RA Tripathi,14,14,0,391,93,27.92,267,146.44,0,2,1,43,17,Rising Pune Supergiant,2017
AJ Tye,6,3,1,53,25,26.50,30,176.66,0,0,0,4,3,Gujarat Lions,2017
JD Unadkat,12,2,2,2,2,0,5,40.00,0,0,0,0,0,Rising Pune Supergiant,2017
RV Uthappa,14,13,0,388,87,29.84,235,165.10,0,5,1,36,21,Kolkata Knight Riders,2017
R Vinay Kumar,1,0,0,0,0,0,0,0,0,0,0,0,0,Mumbai Indians,2017
Vishnu Vinod,3,3,0,19,9,6.33,26,73.07,0,0,0,1,1,Royal Challengers Bangalore,2017
M Vohra,11,9,0,229,95,25.44,159,144.02,0,1,0,23,9,Kings XI Punjab,2017
DA Warner,14,14,3,641,126,58.27,452,141.81,1,4,0,63,26,Sunrisers Hyderabad,2017
Washington Sundar,11,5,4,9,5,9.00,12,75.00,0,0,1,0,0,Rising Pune Supergiant,2017
SR Watson,8,7,1,71,24,11.83,78,91.02,0,0,0,6,1,Royal Challengers Bangalore,2017
KS Williamson,7,7,1,256,89,42.66,169,151.47,0,2,0,20,10,Sunrisers Hyderabad,2017
CR Woakes,13,7,3,46,18,11.50,47,97.87,0,0,0,4,1,Kolkata Knight Riders,2017
J Yadav,2,0,0,0,0,0,0,0,0,0,0,0,0,Delhi Daredevils,2017
SA Yadav,10,7,1,105,31,17.50,88,119.31,0,0,0,8,3,Kolkata Knight Riders,2017
UT Yadav,14,4,4,10,4,0,13,76.92,0,0,0,0,0,Kolkata Knight Riders,2017
Yuvraj Singh,12,11,2,252,70,28.00,177,142.37,0,2,1,30,8,Sunrisers Hyderabad,2017
A Zampa,6,1,0,5,5,5.00,7,71.42,0,0,0,1,0,Rising Pune Supergiant,2017
Abhishek Sharma,3,3,2,63,46,63.00,33,190.90,0,0,0,3,5,Delhi Daredevils,2018
AD Nath,1,1,0,9,9,9.00,13,69.23,0,0,0,1,0,Kings XI Punjab,2018
MA Agarwal,11,11,1,120,30,12.00,94,127.65,0,0,1,9,5,Kings XI Punjab,2018
KK Ahmed,1,0,0,0,0,0,0,0,0,0,0,0,0,Sunrisers Hyderabad,2018
MM Ali,5,4,0,77,65,19.25,46,167.39,0,1,0,4,6,Royal Challengers Bangalore,2018
CJ Anderson,3,3,0,17,15,5.66,22,77.27,0,0,1,0,1,Royal Challengers Bangalore,2018
Ankit Sharma,1,0,0,0,0,0,0,0,0,0,0,0,0,Rajasthan Royals,2018
Anureet Singh,3,1,1,3,3,0,4,75.00,0,0,0,0,0,Rajasthan Royals,2018
JC Archer,10,8,3,15,8,3.00,21,71.42,0,0,3,2,0,Rajasthan Royals,2018
M Ashwin,2,1,0,1,1,1.00,2,50.00,0,0,0,0,0,Royal Challengers Bangalore,2018
R Ashwin,14,9,1,102,45,12.75,71,143.66,0,0,3,7,5,Kings XI Punjab,2018
KM Asif,2,0,0,0,0,0,0,0,0,0,0,0,0,Chennai Super Kings,2018
Avesh Khan,6,0,0,0,0,0,0,0,0,0,0,0,0,Delhi Daredevils,2018
Basil Thampi,4,2,1,3,3,3.00,6,50.00,0,0,0,0,0,Sunrisers Hyderabad,2018
RK Bhui,1,1,0,0,0,0.00,5,0.00,0,0,1,0,0,Sunrisers Hyderabad,2018
SW Billings,10,8,0,108,56,13.50,78,138.46,0,1,1,8,5,Chennai Super Kings,2018
STR Binny,7,5,0,44,22,8.80,39,112.82,0,0,1,2,2,Rajasthan Royals,2018
TA Boult,14,1,0,0,0,0.00,2,0.00,0,0,1,0,0,Delhi Daredevils,2018
CR Brathwaite,4,4,1,75,43,25.00,48,156.25,0,0,0,1,8,Sunrisers Hyderabad,2018
DJ Bravo,16,10,6,141,68,35.25,91,154.94,0,1,1,8,10,Chennai Super Kings,2018
JJ Bumrah,14,3,2,10,6,10.00,11,90.90,0,0,1,1,0,Mumbai Indians,2018
JC Buttler,13,13,3,548,95,54.80,353,155.24,0,5,0,52,21,Rajasthan Royals,2018
YS Chahal,14,1,1,0,0,0,4,0.00,0,0,0,0,0,Royal Challengers Bangalore,2018
DL Chahar,12,4,1,50,39,16.66,29,172.41,0,0,1,1,4,Chennai Super Kings,2018
PP Chawla,15,7,3,27,12,6.75,34,79.41,0,0,1,1,1,Kolkata Knight Riders,2018
P Chopra,1,1,0,8,8,8.00,6,133.33,0,0,0,2,0,Rajasthan Royals,2018
DT Christian,4,3,1,26,13,13.00,33,78.78,0,0,0,0,1,Delhi Daredevils,2018
TK Curran,5,4,1,23,18,7.66,28,82.14,0,0,0,3,0,Kolkata Knight Riders,2018
BCJ Cutting,9,6,2,96,37,24.00,58,165.51,0,0,0,5,8,Mumbai Indians,2018
CJ Dala,1,0,0,0,0,0,0,0,0,0,0,0,0,Delhi Daredevils,2018
A Dananjaya,1,1,1,4,4,0,5,80.00,0,0,0,0,0,Mumbai Indians,2018
C de Grandhomme,9,8,3,131,40,26.20,84,155.95,0,0,0,4,10,Royal Challengers Bangalore,2018
Q de Kock,8,8,0,201,53,25.12,162,124.07,0,1,0,20,8,Royal Challengers Bangalore,2018
AB de Villiers,12,11,2,480,90,53.33,275,174.54,0,6,0,39,30,Royal Challengers Bangalore,2018
S Dhawan,16,16,3,497,92,38.23,363,136.91,0,4,1,59,14,Sunrisers Hyderabad,2018
MS Dhoni,16,15,9,455,79,75.83,302,150.66,0,3,0,24,30,Chennai Super Kings,2018
JP Duminy,6,4,3,36,23,36.00,40,90.00,0,0,0,3,1,Mumbai Indians,2018
F du Plessis,6,6,1,162,67,32.40,129,125.58,0,1,0,17,6,Chennai Super Kings,2018
AJ Finch,10,9,1,134,46,16.75,100,134.00,0,0,2,6,8,Kings XI Punjab,2018
G Gambhir,6,5,0,85,55,17.00,88,96.59,0,1,0,8,1,Delhi Daredevils,2018
CH Gayle,11,11,2,368,104,40.88,252,146.03,1,3,1,30,27,Kings XI Punjab,2018
S Gopal,11,4,1,50,24,16.66,45,111.11,0,0,1,5,0,Rajasthan Royals,2018
SP Goswami,6,3,0,52,35,17.33,40,130.00,0,0,0,6,1,Sunrisers Hyderabad,2018
K Gowtham,15,13,4,126,33,14.00,64,196.87,0,0,1,9,9,Rajasthan Royals,2018
AD Hales,6,6,0,148,45,24.66,118,125.42,0,0,0,13,6,Sunrisers Hyderabad,2018
Harbhajan Singh,13,3,0,29,19,9.66,36,80.55,0,0,0,3,1,Chennai Super Kings,2018
DJ Hooda,9,8,4,87,32,21.75,81,107.40,0,0,0,2,3,Sunrisers Hyderabad,2018
Imran Tahir,6,1,1,2,2,0,2,100.00,0,0,0,0,0,Chennai Super Kings,2018
Ishan Kishan,14,12,0,275,62,22.91,184,149.45,0,2,3,22,17,Mumbai Indians,2018
SS Iyer,14,14,3,411,93,37.36,310,132.58,0,4,0,29,21,Delhi Daredevils,2018
RA Jadeja,16,10,5,89,27,17.80,74,120.27,0,0,0,3,4,Chennai Super Kings,2018
KM Jadhav,1,1,1,24,24,0,22,109.09,0,0,0,1,2,Chennai Super Kings,2018
MG Johnson,6,2,2,16,12,0,11,145.45,0,0,0,2,0,Kolkata Knight Riders,2018
CJ Jordan,1,0,0,0,0,0,0,0,0,0,0,0,0,Sunrisers Hyderabad,2018
KD Karthik,16,16,6,498,52,49.80,337,147.77,0,2,0,49,16,Kolkata Knight Riders,2018
S Kaul,17,4,1,3,2,1.00,14,21.42,0,0,1,0,0,Sunrisers Hyderabad,2018
SN Khan,7,6,1,51,22,10.20,41,124.39,0,0,1,7,1,Royal Challengers Bangalore,2018
K Khejroliya,3,0,0,0,0,0,0,0,0,0,0,0,0,Royal Challengers Bangalore,2018
H Klaasen,4,4,1,57,32,19.00,47,121.27,0,0,1,5,1,Rajasthan Royals,2018
V Kohli,14,14,3,530,92,48.18,381,139.10,0,4,0,52,18,Royal Challengers Bangalore,2018
Kuldeep Yadav,16,3,2,12,7,12.00,24,50.00,0,0,0,1,0,Kolkata Knight Riders,2018
DS Kulkarni,8,2,1,6,3,6.00,7,85.71,0,0,0,0,0,Rajasthan Royals,2018
B Kumar,12,4,2,13,7,6.50,16,81.25,0,0,1,1,0,Sunrisers Hyderabad,2018
S Lamichhane,3,0,0,0,0,0,0,0,0,0,0,0,0,Delhi Daredevils,2018
B Laughlin,7,2,1,1,1,1.00,4,25.00,0,0,1,0,0,Rajasthan Royals,2018
E Lewis,13,13,0,382,65,29.38,276,138.40,0,2,2,32,24,Mumbai Indians,2018
MK Lomror,2,2,1,20,11,20.00,21,95.23,0,0,0,1,0,Rajasthan Royals,2018
CA Lynn,16,16,1,491,74,32.73,377,130.23,0,3,1,56,18,Kolkata Knight Riders,2018
MJ McClenaghan,11,5,3,11,11,5.50,10,110.00,0,0,2,1,1,Mumbai Indians,2018
BB McCullum,6,6,0,127,43,21.16,88,144.31,0,0,1,16,6,Royal Challengers Bangalore,2018
Mandeep Singh,14,13,3,252,47,25.20,186,135.48,0,0,0,16,11,Royal Challengers Bangalore,2018
M Markande,14,6,4,21,7,10.50,24,87.50,0,0,0,2,0,Mumbai Indians,2018
GJ Maxwell,12,12,0,169,47,14.08,120,140.83,0,0,0,14,9,Delhi Daredevils,2018
DA Miller,3,3,1,74,26,37.00,64,115.62,0,0,0,3,2,Kings XI Punjab,2018
A Mishra,10,1,1,1,1,0,2,50.00,0,0,0,0,0,Delhi Daredevils,2018
Mohammad Nabi,2,2,0,18,14,9.00,12,150.00,0,0,0,3,0,Sunrisers Hyderabad,2018
Mohammed Shami,4,1,0,7,7,7.00,6,116.66,0,0,0,1,0,Delhi Daredevils,2018
Mohammed Siraj,11,4,2,25,14,12.50,22,113.63,0,0,0,2,1,Royal Challengers Bangalore,2018
CH Morris,4,4,3,46,27,46.00,26,176.92,0,0,0,3,2,Delhi Daredevils,2018
Mujeeb Ur Rahman,11,2,1,10,10,10.00,7,142.85,0,0,1,2,0,Kings XI Punjab,2018
C Munro,5,5,0,63,33,12.60,41,153.65,0,0,2,7,4,Delhi Daredevils,2018
Mustafizur Rahman,7,2,1,1,1,1.00,3,33.33,0,0,0,0,0,Mumbai Indians,2018
S Nadeem,6,1,1,6,6,0,8,75.00,0,0,0,0,0,Delhi Daredevils,2018
KK Nair,13,12,0,301,54,25.08,221,136.19,0,2,0,23,13,Kings XI Punjab,2018
SP Narine,16,16,0,357,75,22.31,188,189.89,0,2,0,40,23,Kolkata Knight Riders,2018
P Negi,2,2,0,3,3,1.50,5,60.00,0,0,1,0,0,Royal Challengers Bangalore,2018
L Ngidi,7,0,0,0,0,0,0,0,0,0,0,0,0,Chennai Super Kings,2018
NV Ojha,1,1,0,1,1,1.00,4,25.00,0,0,0,0,0,Delhi Daredevils,2018
MK Pandey,15,13,2,284,62,25.81,246,115.44,0,3,1,22,5,Sunrisers Hyderabad,2018
HH Pandya,13,13,4,260,50,28.88,195,133.33,0,1,0,20,11,Mumbai Indians,2018
KH Pandya,14,13,3,228,41,22.80,157,145.22,0,0,0,22,10,Mumbai Indians,2018
RR Pant,14,14,1,684,128,52.61,394,173.60,1,5,1,68,37,Delhi Daredevils,2018
AR Patel,9,8,2,80,19,13.33,69,115.94,0,0,0,3,4,Kings XI Punjab,2018
HV Patel,5,2,1,60,36,60.00,33,181.81,0,0,0,1,6,Delhi Daredevils,2018
PA Patel,6,6,1,153,53,30.60,109,140.36,0,1,0,20,4,Royal Challengers Bangalore,2018
YK Pathan,15,13,4,260,45,28.88,200,130.00,0,0,0,22,11,Sunrisers Hyderabad,2018
LE Plunkett,7,2,1,1,1,1.00,3,33.33,0,0,1,0,0,Delhi Daredevils,2018
KA Pollard,9,8,1,133,50,19.00,100,133.00,0,1,1,10,7,Mumbai Indians,2018
M Prasidh Krishna,7,2,2,1,1,0,5,20.00,0,0,0,0,0,Kolkata Knight Riders,2018
AM Rahane,15,14,1,370,65,28.46,313,118.21,0,1,0,39,5,Rajasthan Royals,2018
KL Rahul,14,14,2,659,95,54.91,416,158.41,0,6,0,66,32,Kings XI Punjab,2018
SK Raina,15,15,3,445,75,37.08,336,132.44,0,4,0,46,12,Chennai Super Kings,2018
AS Rajpoot,8,3,0,11,8,3.66,18,61.11,0,0,0,1,0,Kings XI Punjab,2018
N Rana,15,15,2,304,59,23.38,232,131.03,0,1,0,26,14,Kolkata Knight Riders,2018
Rashid Khan,17,7,2,59,34,11.80,31,190.32,0,0,2,3,6,Sunrisers Hyderabad,2018
AT Rayudu,16,16,2,602,100,43.00,402,149.75,1,3,1,53,34,Chennai Super Kings,2018
JJ Roy,5,5,1,120,91,30.00,94,127.65,0,1,0,9,7,Delhi Daredevils,2018
AD Russell,16,14,3,316,88,28.72,171,184.79,0,1,1,17,31,Kolkata Knight Riders,2018
WP Saha,11,10,2,122,35,15.25,102,119.60,0,0,1,17,1,Sunrisers Hyderabad,2018
SV Samson,15,15,1,441,92,31.50,320,137.81,0,3,1,30,19,Rajasthan Royals,2018
Sandeep Sharma,12,3,1,0,0,0.00,4,0.00,0,0,2,0,0,Sunrisers Hyderabad,2018
PJ Sangwan,1,1,0,0,0,0.00,4,0.00,0,0,1,0,0,Mumbai Indians,2018
JPR Scantlebury-Searles,4,2,1,8,6,8.00,6,133.33,0,0,0,0,1,Kolkata Knight Riders,2018
V Shankar,13,11,7,212,54,53.00,148,143.24,0,1,0,11,11,Delhi Daredevils,2018
Shakib Al Hasan,17,13,2,239,35,21.72,197,121.31,0,0,0,26,5,Sunrisers Hyderabad,2018
KV Sharma,6,1,1,0,0,0,0,0,0,0,0,0,0,Chennai Super Kings,2018
MM Sharma,9,4,3,10,4,10.00,13,76.92,0,0,0,1,0,Kings XI Punjab,2018
RG Sharma,14,14,2,286,94,23.83,215,133.02,0,2,3,25,12,Mumbai Indians,2018
PP Shaw,9,9,0,245,65,27.22,160,153.12,0,2,0,27,10,Delhi Daredevils,2018
Shivam Mavi,9,4,1,13,7,4.33,15,86.66,0,0,1,1,0,Kolkata Knight Riders,2018
DR Shorey,1,1,0,8,8,8.00,9,88.88,0,0,0,0,1,Chennai Super Kings,2018
DJM Short,7,7,0,115,44,16.42,99,116.16,0,0,0,11,5,Rajasthan Royals,2018
Shubman Gill,13,11,5,203,57,33.83,139,146.04,0,1,0,22,5,Kolkata Knight Riders,2018
RK Singh,4,4,0,29,16,7.25,31,93.54,0,0,0,4,0,Kolkata Knight Riders,2018
IS Sodhi,6,1,0,1,1,1.00,6,16.66,0,0,0,0,0,Rajasthan Royals,2018
TG Southee,8,4,2,52,36,26.00,46,113.04,0,0,0,5,1,Royal Challengers Bangalore,2018
BB Sran,6,4,3,3,2,3.00,7,42.85,0,0,0,0,0,Kings XI Punjab,2018
B Stanlake,4,1,1,5,5,0,2,250.00,0,0,0,1,0,Sunrisers Hyderabad,2018
MP Stoinis,7,7,3,99,29,24.75,76,130.26,0,0,0,6,4,Kings XI Punjab,2018
BA Stokes,13,13,1,196,45,16.33,161,121.73,0,0,1,13,6,Rajasthan Royals,2018
R Tewatia,8,5,2,50,24,16.66,43,116.27,0,0,0,5,1,Delhi Daredevils,2018
SN Thakur,13,1,1,15,15,0,5,300.00,0,0,0,3,0,Chennai Super Kings,2018
MK Tiwary,5,4,1,47,35,15.66,44,106.81,0,0,0,4,1,Kings XI Punjab,2018
RA Tripathi,12,12,3,226,80,25.11,167,135.32,0,1,0,18,8,Rajasthan Royals,2018
AJ Tye,14,8,2,32,14,5.33,38,84.21,0,0,2,2,1,Kings XI Punjab,2018
JD Unadkat,15,7,3,49,26,12.25,38,128.94,0,0,1,6,1,Rajasthan Royals,2018
RV Uthappa,16,16,0,351,54,21.93,265,132.45,0,1,0,30,21,Kolkata Knight Riders,2018
M Vijay,1,1,0,12,12,12.00,10,120.00,0,0,0,0,1,Chennai Super Kings,2018
R Vinay Kumar,2,1,1,6,6,0,3,200.00,0,0,0,1,0,Kolkata Knight Riders,2018
M Vohra,4,4,0,55,45,13.75,47,117.02,0,0,1,2,4,Royal Challengers Bangalore,2018
Washington Sundar,7,6,3,65,35,21.66,38,171.05,0,0,0,5,4,Royal Challengers Bangalore,2018
SR Watson,15,15,1,555,117,39.64,359,154.59,2,2,1,44,35,Chennai Super Kings,2018
DJ Willey,3,0,0,0,0,0,0,0,0,0,0,0,0,Chennai Super Kings,2018
KS Williamson,17,17,3,735,84,52.50,516,142.44,0,8,1,63,28,Sunrisers Hyderabad,2018
CR Woakes,5,4,2,17,11,8.50,19,89.47,0,0,0,1,1,Royal Challengers Bangalore,2018
MA Wood,1,1,0,1,1,1.00,3,33.33,0,0,0,0,0,Chennai Super Kings,2018
SA Yadav,14,14,0,512,72,36.57,384,133.33,0,4,1,61,16,Mumbai Indians,2018
UT Yadav,14,5,1,3,1,0.75,11,27.27,0,0,2,0,0,Royal Challengers Bangalore,2018
Yuvraj Singh,8,6,0,65,20,10.83,73,89.04,0,0,0,6,2,Kings XI Punjab,2018
