Name,Country_of_origin,2008,2009,2010,2011,2012,2013,2014,2015,2016,2017,2018,2019
Abhinav Mukund,India,CSK,CSK,CSK,CSK,CSK,RCB,X,X,X,X,X,X
Albie Morkel, South Africa,CSK,CSK,CSK,CSK,CSK,CSK,RCB,DD,RPS,X,X,X
Anirudha Srikkanth, India,CSK,X,CSK,CSK,CSK,CSK,SRH,X,X,X,X,X
Chamara Kapugedera, Sri Lanka,CSK,X,X,X,X,X,X,X,X,X,X,X
Jacob Oram, New Zealand,CSK,CSK,CSK,RR,RR,MI,X,X,X,X,X,X
Joginder Sharma, India,CSK,CSK,CSK,CSK,CSK,X,X,X,X,X,X,X
KB Arun Karthik, India,CSK,CSK,CSK,RCB,RCB,RCB,X,X,X,X,X,X
Lakshmipathy Balaji, India,CSK,CSK,CSK,KKR,KKR,KKR,KXIP,X,X,X,X,X
Mahendra Singh Dhoni, India,CSK,CSK,CSK,CSK,CSK,CSK,CSK,CSK,RPS,RPS,CSK,CSK
Makhaya Ntini, South Africa,CSK,CSK,CSK,X,X,X,X,X,X,X,X,X
Manpreet Gony, India,CSK,CSK,CSK,DC,DC,KXIP,X,X,X,GL,X,X
Matthew Hayden, Australia,CSK,CSK,CSK,X,X,X,X,X,X,X,X,X
Mike Hussey, Australia,CSK,CSK,CSK,CSK,CSK,CSK,MI,CSK,X,X,X,X
Muttiah Muralitharan, Sri Lanka,CSK,CSK,CSK,KTK,RCB,RCB,RCB,X,X,X,X,X
Napoleon Einstein, India,CSK,CSK,X,X,X,X,X,X,X,X,X,X
Palani Amarnath, India,CSK,CSK,X,X,X,X,X,X,X,X,X,X
Parthiv Patel, India,CSK,CSK,CSK,KTK,DC,SRH,RCB,MI,MI,MI,RCB,RCB
Ravichandran Ashwin, India,CSK,CSK,CSK,CSK,CSK,CSK,CSK,CSK,RPS,RPS,KXIP,KXIP
Selvam Suresh Kumar, India,CSK,CSK,X,X,X,X,X,X,X,X,X,X
Shadab Jakati, India,CSK,CSK,CSK,CSK,CSK,CSK,RCB,X,GL,GL,X,X
Stephen Fleming, New Zealand,CSK,X,X,X,X,X,X,X,X,X,X,X
Subramaniam Badrinath, India,CSK,CSK,CSK,CSK,CSK,CSK,X,RCB,X,X,X,X
Sudeep Tyagi, India,CSK,CSK,CSK,CSK,CSK,SRH,X,X,X,X,X,X
Suresh Raina, India,CSK,CSK,CSK,CSK,CSK,CSK,CSK,CSK,GL,GL,CSK,CSK
Vidyut Sivaramakrishnan, India,CSK,CSK,CSK,X,X,X,X,X,X,X,X,X
Viraj Kadbe, India,CSK,CSK,X,X,X,X,X,X,X,X,X,X
Adam Gilchrist, Australia,DC,DC,DC,KXIP,KXIP,KXIP,X,X,X,X,X,X
Andrew Symonds, Australia,DC,DC,DC,MI,X,X,X,X,X,X,X,X
Arjun Yadav, India,DC,DC,DC,DC,DC,X,X,X,X,X,X,X
Chamara Silva, Sri Lanka,DC,DC,X,X,X,X,X,X,X,X,X,X
Chaminda Vaas, Sri Lanka,DC,DC,DC,X,X,X,X,X,X,X,X,X
Doddapaneni Kalyankrishna, India,DC,DC,X,X,X,X,X,X,X,X,X,X
Dwaraka Ravi Teja, India,DC,DC,DC,DC,DC,SRH,X,X,X,X,X,X
Halhadar Das, India,DC,DC,X,X,X,X,X,X,X,X,X,X
Herschelle Gibbs, South Africa,DC,DC,DC,X,MI,X,X,X,X,X,X,X
Mohnish Mishra, India,DC,X,DC,PWI,PWI,PWI,X,X,X,X,X,X
Nuwan Zoysa, Sri Lanka,DC,DC,X,X,X,X,X,X,X,X,X,X
Paidikalva Vijaykumar, India,DC,DC,X,X,X,X,X,X,X,X,X,X
PM Sarvesh Kumar, India,DC,DC,X,X,X,X,X,X,X,X,X,X
Pragyan Ojha, India,DC,DC,DC,DC,MI,MI,MI,MI,X,X,X,X
R. P. Singh, India,DC,DC,DC,KTK,MI,RCB,X,X,RPS,X,X,X
Rohit Sharma, India,DC,DC,DC,MI,MI,MI,MI,MI,MI,MI,MI,MI
Sanjay Bangar, India,DC,KKR,KKR,X,X,X,X,X,X,X,X,X
Shahid Afridi, Pakistan,DC,X,X,X,X,X,X,X,X,X,X,X
Scott Styris, New Zealand,DC,DC,DC,CSK,CSK,X,X,X,X,X,X,X
V.V.S. Laxman, India,DC,DC,DC,KTK,X,X,X,X,X,X,X,X
Yalaka Venugopal Rao, India,DC,DC,DC,DD,DD,DD,SRH,X,X,X,X,X
AB de Villiers, South Africa,DD,DD,DD,RCB,RCB,RCB,RCB,RCB,RCB,RCB,RCB,RCB
Amit Mishra, India,DD,DD,DD,DC,DC,SRH,SRH,DD,DD,DD,DD,DD
Brett Geeves, Australia,DD,X,X,X,X,X,X,X,X,X,X,X
Daniel Vettori, New Zealand,DD,DD,DD,RCB,RCB,RCB,X,X,X,X,X,X
Dinesh Karthik, India,DD,DD,DD,KXIP,MI,MI,DD,RCB,GL,GL,KKR,KKR
Farveez Maharoof, Sri Lanka,DD,DD,DD,X,X,X,X,X,X,X,X,X
Gautam Gambhir, India,DD,DD,DD,KKR,KKR,KKR,KKR,KKR,KKR,KKR,DD,X
Glenn McGrath, Australia,DD,DD,X,X,X,X,X,X,X,X,X,X
Manoj Tiwary, India,DD,DD,KKR,KKR,KKR,KKR,DD,DD,X,RPS,KXIP,X
Mayank Tehlan, India,DD,X,X,X,X,X,X,X,X,X,X,X
Mithun Manhas, India,DD,DD,DD,PWI,PWI,PWI,CSK,CSK,X,X,X,X
Mohammad Asif, Pakistan,DD,X,X,X,X,X,X,X,X,X,X,X
Pradeep Sangwan, India,DD,DD,DD,KKR,KKR,KKR,X,X,GL,GL,MI,X
Rajat Bhatia, India,DD,DD,DD,KKR,KKR,KKR,RR,RR,RPS,RPS,X,X
Shikhar Dhawan, India,DD,MI,MI,DC,DC,SRH,SRH,SRH,SRH,SRH,SRH,DD
Shoaib Malik, Pakistan,DD,X,X,X,X,X,X,X,X,X,X,X
Sumit Narwal, India,DD,DD,DD,RR,RR,KKR,X,KKR,X,X,X,X
Tejashwi Yadav, India,DD,DD,X,DD,DD,X,X,X,X,X,X,X
Tillakaratne Dilshan, Sri Lanka,DD,DD,DD,RCB,RCB,RCB,X,X,X,X,X,X
Virender Sehwag, India,DD,DD,DD,DD,DD,DD,KXIP,KXIP,X,X,X,X
Yogesh Nagar, India,DD,DD,DD,DD,DD,DD,X,X,X,X,X,X
Yo Mahesh, India,DD,DD,DD,CSK,CSK,X,X,X,X,X,X,X
Aakash Chopra, India,KKR,KKR,X,RR,RR,X,X,X,X,X,X,X
Ajantha Mendis, Sri Lanka,KKR,KKR,KKR,X,X,PWI,X,X,X,X,X,X
Ajit Agarkar, India,KKR,KKR,KKR,DD,DD,DD,X,X,X,X,X,X
Ashok Dinda, India,KKR,KKR,KKR,DD,PWI,PWI,RCB,RCB,RPS,RPS,X,X
Brad Hodge, Australia,KKR,KKR,KKR,KTK,RR,RR,RR,X,X,X,X,X
Brendon McCullum, New Zealand,KKR,KKR,KKR,KTK,KKR,KKR,CSK,CSK,GL,GL,RCB,X
Cheteshwar Pujara, India,KKR,KKR,KKR,RCB,RCB,RCB,KXIP,X,X,X,X,X
Chris Gayle, Jamaica,KKR,KKR,KKR,RCB,RCB,RCB,RCB,RCB,RCB,RCB,KXIP,KXIP
David Hussey, Australia,KKR,KKR,KKR,KXIP,KXIP,KXIP,CSK,X,X,X,X,X
Debabrata Das, India,KKR,X,X,X,KKR,KKR,KKR,X,X,X,X,X
Iqbal Abdulla, India,KKR,KKR,KKR,KKR,KKR,KKR,RR,RCB,RCB,RCB,X,X
Ishant Sharma, India,KKR,KKR,KKR,DC,DC,SRH,SRH,SRH,RPS,KXIP,X,DD
Laxmi Ratan Shukla, India,KKR,KKR,KKR,KKR,KKR,KKR,DD,SRH,X,X,X,X
Mashrafe Mortaza, Bangladesh,KKR,KKR,KKR,PWI,PWI,KKR,KXIP,X,X,X,X,X
Mohammad Hafeez, Pakistan,KKR,X,X,X,X,X,X,X,X,X,X,X
Murali Kartik, India,KKR,KKR,KKR,PWI,PWI,RCB,KXIP,X,X,X,X,X
Ranadeb Bose, India,KKR,KXIP,X,X,X,X,X,X,X,X,X,X
Ricky Ponting, Australia,KKR,KKR,X,X,X,MI,X,X,X,X,X,X
Rohan Banerjee, India,KKR,KKR,X,X,X,X,X,X,X,X,X,X
Salman Butt, Pakistan,KKR,X,X,X,X,X,X,X,X,X,X,X
Saurasish Lahiri, India,KKR,X,X,X,X,X,X,X,X,X,X,X
Shoaib Akhtar, Pakistan,KKR,X,X,X,X,X,X,X,X,X,X,X
Siddarth Kaul, India,KKR,KKR,X,X,X,DD,DD,SRH,SRH,SRH,SRH,SRH
Sourav Ganguly, India,KKR,KKR,KKR,PWI,PWI,X,X,X,X,X,X,X
Tatenda Taibu, Zimbabwe,KKR,X,X,X,X,X,X,X,X,X,X,X
Umar Gul, Pakistan,KKR,X,X,X,X,X,X,X,X,X,X,X
Wriddhiman Saha, India,KKR,KKR,KKR,CSK,CSK,CSK,KXIP,KXIP,KXIP,KXIP,SRH,SRH
Yashpal Singh, India,KKR,KKR,X,KTK,X,X,X,X,X,X,X,X
Ajitesh Argal, India,KXIP,KXIP,X,X,X,X,X,X,X,X,X,X
Azhar Mehmood, England,KXIP,KXIP,KXIP,KXIP,KXIP,KXIP,X,KKR,X,X,X,X
Brett Lee, Australia,KXIP,KXIP,KXIP,KKR,KKR,KKR,X,X,X,X,X,X
Fidel Edwards, Barbados,KXIP,DC,DC,PWI,PWI,RR,X,X,X,X,X,X
Gagandeep Singh, India,KXIP,X,X,X,X,X,X,X,X,X,X,X
Irfan Pathan, India,KXIP,KXIP,KXIP,DD,DD,DD,SRH,CSK,RPS,GL,X,X
James Hopes, Australia,KXIP,KXIP,KXIP,DD,PWI,X,X,X,X,X,X,X
Karan Goel, India,KXIP,KXIP,KXIP,X,X,X,X,X,X,X,X,X
Kumar Sangakkara, Sri Lanka,KXIP,KXIP,KXIP,DC,DC,SRH,X,X,X,X,X,X
Kyle Mills, New Zealand,KXIP,MI,MI,X,X,X,X,X,X,X,X,X
Luke Pomersbach, Australia,KXIP,KXIP,KXIP,RCB,RCB,KXIP,X,X,X,X,X,X
Mahela Jayawardene, Sri Lanka,KXIP,KXIP,KXIP,KTK,DD,DD,X,X,X,X,X,X
Nitin Saini, India,KXIP,X,X,KXIP,KXIP,KXIP,X,X,X,X,X,X
Pankaj Dharmani, India,KXIP,X,X,X,X,X,X,X,X,X,X,X
Piyush Chawla, India,KXIP,KXIP,KXIP,KXIP,KXIP,KXIP,KKR,KKR,KKR,KKR,KKR,KKR
Ramesh Powar, India,KXIP,KXIP,KXIP,KTK,KXIP,KXIP,X,X,X,X,X,X
Ramnaresh Sarwan, Guyana,KXIP,X,X,X,X,X,X,X,X,X,X,X
Rishi Dhawan, India,KXIP,X,X,X,X,MI,KXIP,KXIP,KXIP,KKR,X,X
Sahil Kukreja, India,KXIP,KXIP,X,X,X,X,X,X,X,X,X,X
Shaun Marsh, Australia,KXIP,KXIP,KXIP,KXIP,KXIP,KXIP,KXIP,KXIP,KXIP,KXIP,X,X
Simon Katich, Australia,KXIP,KXIP,KXIP,X,X,X,X,X,X,X,X,X
Sreesanth, India,KXIP,KXIP,KXIP,KTK,RR,RR,X,X,X,X,X,X
Sunny Sohal, India,KXIP,KXIP,X,DC,DC,RCB,X,X,X,X,X,X
Tanmay Srivastava, India,KXIP,KXIP,KXIP,KTK,DC,X,X,X,X,X,X,X
Uday Kaul, India,KXIP,KXIP,X,X,X,X,X,X,X,X,X,X
V. R. V. Singh, India,KXIP,KXIP,KXIP,X,X,X,X,X,X,X,X,X
Wilkin Mota, India,KXIP,KXIP,X,X,X,X,X,X,X,X,X,X
Yuvraj Singh, India,KXIP,KXIP,KXIP,PWI,PWI,PWI,RCB,DD,SRH,SRH,KXIP,MI
Abhishek Nayar, India,MI,MI,MI,KXIP,KXIP,PWI,RR,X,X,X,X,X
Ajinkya Rahane, India,MI,MI,MI,RR,RR,RR,RR,RR,RPS,RPS,RR,RR
André Nel, South Africa,MI,X,X,X,X,X,X,X,X,X,X,X
Ankeet Chavan, India,MI,X,X,RR,RR,RR,X,X,X,X,X,X
Ashwell Prince, South Africa,MI,X,X,X,X,X,X,X,X,X,X,X
Ashish Nehra, India,MI,DD,DD,PWI,PWI,DD,CSK,CSK,SRH,SRH,X,X
Dhawal Kulkarni, India,MI,MI,MI,MI,MI,MI,RR,RR,GL,GL,RR,RR
Dilhara Fernando, Sri Lanka,MI,MI,MI,MI,X,X,X,X,X,X,X,X
Dominic Thornley, Australia,MI,X,X,X,X,X,X,X,X,X,X,X
Dwayne Bravo, Trinidad and Tobago,MI,MI,MI,CSK,CSK,CSK,CSK,CSK,GL,GL,CSK,CSK
Dwayne Smith, Barbados,MI,DC,DC,X,MI,MI,CSK,CSK,GL,GL,X,X
Gaurav Dhiman, India,MI,RCB,X,X,X,X,X,X,X,X,X,X
Harbhajan Singh, India,MI,MI,MI,MI,MI,MI,MI,MI,MI,MI,CSK,CSK
Lasith Malinga, Sri Lanka,MI,MI,MI,MI,MI,MI,MI,MI,MI,MI,X,MI
Loots Bosman, South Africa,MI,X,X,X,X,X,X,X,X,X,X,X
Luke Ronchi, New Zealand,MI,MI,X,X,X,X,X,X,X,X,X,X
Manish Pandey, India,MI,RCB,RCB,PWI,PWI,PWI,KKR,KKR,KKR,KKR,SRH,SRH
Mohammad Ashraful, Bangladesh,MI,MI,X,X,X,X,X,X,X,X,X,X
Musavir Khote, India,MI,X,X,X,X,X,X,X,X,X,X,X
Pinal Shah, India,MI,MI,MI,RR,RR,X,X,X,X,X,X,X
Rajesh Pawar, India,MI,X,X,DC,X,X,X,X,X,X,X,X
Robin Uthappa, India,MI,RCB,RCB,PWI,PWI,PWI,KKR,KKR,KKR,KKR,KKR,KKR
Rohan Raje, India,MI,MI,X,X,X,X,X,X,X,X,X,X
Sachin Tendulkar, India,MI,MI,MI,MI,MI,MI,X,X,X,X,X,X
Sanath Jayasuriya, Sri Lanka,MI,MI,MI,X,X,X,X,X,X,X,X,X
Saurabh Tiwary, India,MI,MI,MI,RCB,RCB,RCB,DD,DD,RPS,MI,MI,X
Shaun Pollock, South Africa,MI,X,X,X,X,X,X,X,X,X,X,X
Siddharth Chitnis, India,MI,RR,X,KXIP,KXIP,KXIP,X,X,X,X,X,X
Swapnil Singh, India,MI,X,X,X,X,X,X,X,KXIP,KXIP,X,X
Vikrant Yeligati, India,MI,X,X,X,X,X,X,X,X,X,X,X
Yogesh Takawale, India,MI,MI,X,X,MI,X,RCB,RCB,X,X,X,X
Abdur Razzak, Bangladesh,RCB,X,X,X,X,X,X,X,X,X,X,X
Anil Kumble, India,RCB,RCB,RCB,X,X,X,X,X,X,X,X,X
Ashley Noffke, Australia,RCB,X,X,X,X,X,X,X,X,X,X,X
Balachandra Akhil, India,RCB,RCB,RCB,KTK,X,X,X,X,X,X,X,X
Bharat Chipli, India,RCB,RCB,X,DC,DC,DD,X,X,X,X,X,X
Cameron White, Australia,RCB,RCB,RCB,DC,DC,SRH,X,X,X,X,X,X
Dale Steyn, South Africa,RCB,RCB,RCB,DC,DC,SRH,SRH,SRH,GL,X,X,RCB
Devraj Patil, India,RCB,RCB,X,X,X,X,X,X,X,X,X,X
Jacques Kallis, South Africa,RCB,RCB,RCB,KKR,KKR,KKR,KKR,X,X,X,X,X
Jagadeesh Arunkumar, India,RCB,RCB,X,X,X,X,X,X,X,X,X,X
KP Appanna, India,RCB,RCB,RCB,X,RCB,RCB,X,X,X,X,X,X
Mark Boucher, South Africa,RCB,RCB,RCB,KKR,X,X,X,X,X,X,X,X
Misbah-ul-Haq, Pakistan,RCB,X,X,X,X,X,X,X,X,X,X,X
Nathan Bracken, Australia,RCB,RCB,X,X,X,X,X,X,X,X,X,X
Neravanda Aiyappa, India,RCB,X,X,X,X,X,X,X,X,X,X,X
Praveen Kumar, india,RCB,RCB,RCB,KXIP,KXIP,KXIP,MI,SRH,GL,GL,X,X
Rahul Dravid, India,RCB,RCB,RCB,RR,RR,RR,X,X,X,X,X,X
Ross Taylor, New Zealand,RCB,RCB,RCB,RR,DD,PWI,DD,X,X,X,X,X
Shivnarine Chanderpaul, Guyana,RCB,X,X,X,X,X,X,X,X,X,X,X
Shreevats Goswami, India,RCB,RCB,RCB,KKR,RR,RR,X,X,X,X,SRH,SRH
Sunil Joshi, India,RCB,RCB,X,X,X,X,X,X,X,X,X,X
Vinay Kumar, India,RCB,RCB,RCB,KTK,RCB,RCB,KKR,MI,MI,MI,KKR,X
Virat Kohli, India,RCB,RCB,RCB,RCB,RCB,RCB,RCB,RCB,RCB,RCB,RCB,RCB
Wasim Jaffer, India,RCB,RCB,X,X,X,X,X,X,X,X,X,X
Zaheer Khan, India,RCB,MI,MI,RCB,RCB,RCB,MI,DD,DD,DD,X,X
Abhishek Raut, India,RR,RR,RR,RR,RR,RR,X,X,X,X,X,X
Aditya Angle, India,RR,RR,X,X,X,X,X,X,X,X,X,X
Anup Revandkar, India,RR,RR,X,X,X,X,X,X,X,X,X,X
Darren Lehmann, Australia,RR,X,X,X,X,X,X,X,X,X,X,X
Dimitri Mascarenhas, England,RR,RR,RR,KXIP,KXIP,KXIP,X,X,X,X,X,X
Dinesh Salunkhe, India,RR,RR,X,RR,X,X,X,RR,X,X,X,X
Faiz Fazal, India,RR,RR,RR,RR,RR,X,X,X,X,X,X,X
Graeme Smith, South Africa,RR,RR,RR,PWI,PWI,X,X,X,X,X,X,X
Jaydev Shah, India,RR,MI,X,DC,MI,X,X,X,GL,GL,X,X
Justin Langer, Australia,RR,RR,X,X,X,X,X,X,X,X,X,X
Kamran Akmal, Pakistan,RR,X,X,X,X,X,X,X,X,X,X,X
Mahesh Rawat, India,RR,RR,X,X,X,PWI,X,X,X,X,X,X
Mohammad Kaif, India,RR,RR,KXIP,RCB,RCB,X,X,X,X,X,X,X
Morne Morkel, South Africa,RR,RR,RR,DD,DD,DD,KKR,KKR,KKR,X,X,X
Munaf Patel, India,RR,RR,RR,MI,MI,MI,X,X,X,GL,X,X
Niraj Patel, India,RR,RR,X,X,X,X,X,X,X,X,X,X
Pankaj Singh, India,RR,RCB,RCB,RR,RR,RCB,X,X,X,X,X,X
Parag More, India,RR,RR,X,X,X,X,X,X,X,X,X,X
Ravindra Jadeja, India,RR,RR,X,KTK,CSK,CSK,CSK,CSK,GL,GL,CSK,CSK
Shane Warne, Australia,RR,RR,RR,RR,X,X,X,X,X,X,X,X
Shane Watson, Australia,RR,RR,RR,RR,RR,RR,RR,RR,RCB,RCB,CSK,CSK
Siddharth Trivedi, India,RR,RR,RR,RR,RR,RR,X,X,X,X,X,X
Sohail Tanvir, Pakistan,RR,X,X,X,X,X,X,X,X,X,X,X
Sumit Khatri, India,RR,X,X,X,X,X,X,X,X,X,X,X
Swapnil Asnodkar, India,RR,RR,RR,RR,X,X,X,X,X,X,X,X
Taruwar Kohli, India,RR,X,X,X,X,X,X,X,X,X,X,X
Younis Khan, Pakistan,RR,X,X,X,X,X,X,X,X,X,X,X
Yusuf Pathan, India,RR,RR,RR,KKR,KKR,KKR,KKR,KKR,KKR,KKR,SRH,SRH
Andrew Flintoff, England,X,CSK,X,X,X,X,X,X,X,X,X,X
George Bailey, Australia,X,CSK,CSK,CSK,CSK,X,KXIP,KXIP,RPS,X,X,X
Murali Vijay, India,X,CSK,CSK,CSK,CSK,CSK,DD,KXIP,KXIP,KXIP,CSK,CSK
Thilan Thushara, Sri Lanka,X,CSK,CSK,X,X,X,X,X,X,X,X,X
Abhinav Kumar, India,X,DC,X,X,X,X,X,X,X,X,X,X
Azhar Bilakhia, India,X,DC,DC,X,X,X,X,X,X,X,X,X
Harmeet Singh, India,X,DC,DC,DC,KXIP,RR,KXIP,X,X,X,X,X
Jaskaran Singh, India,X,DC,X,X,X,X,X,X,RPS,RPS,X,X
Kemar Roach, Barbados,X,DC,DC,X,X,X,X,X,X,X,X,X
Manvinder Bisla, India,X,DC,KXIP,KKR,KKR,KKR,KKR,RCB,X,X,X,X
Mitchell Marsh, Australia,X,DC,DC,PWI,PWI,PWI,X,X,RPS,RPS,X,X
Rahul Sharma, India,X,DC,DC,PWI,PWI,PWI,DD,CSK,X,X,X,X
Ryan Harris, Australia,X,DC,DC,KXIP,KXIP,KXIP,X,X,X,X,X,X
Shoaib Ahmed, India,X,DC,X,X,X,X,X,X,X,X,X,X
Tirumalasetti Suman, India,X,DC,DC,MI,MI,PWI,X,X,SRH,X,X,X
Aavishkar Salvi, India,X,DD,DD,DD,DD,DD,X,X,X,X,X,X
Andrew McDonald, Australia,X,DD,DD,DD,RCB,RCB,X,X,X,X,X,X
David Warner, Australia,X,DD,DD,DD,DD,DD,SRH,SRH,SRH,SRH,SRH,SRH
Dirk Nannes, Australia,X,DD,DD,RCB,RCB,CSK,X,X,X,X,X,X
Owais Shah, England,X,DD,KKR,KTK,RR,RR,X,X,X,X,X,X
Paul Collingwood, England,X,DD,DD,RR,RR,X,X,X,X,X,X,X
Umesh Yadav, India,X,DD,DD,DD,DD,DD,KKR,KKR,KKR,KKR,RCB,RCB
Wayne Parnell, South Africa,X,DD,DD,PWI,PWI,PWI,DD,X,X,X,X,X
Angelo Mathews, Sri Lanka,X,KKR,KKR,PWI,PWI,PWI,X,DD,X,DD,X,X
Anureet Singh, India,X,KKR,X,X,X,X,KXIP,KXIP,KXIP,KXIP,RR,X
Arindam Ghosh, India,X,KKR,X,X,X,X,X,X,X,X,X,X
Charl Langeveldt, South Africa,X,KKR,KKR,RCB,RCB,X,X,X,X,X,X,X
Moises Henriques, Australia,X,KKR,DD,MI,X,RCB,SRH,SRH,SRH,SRH,SRH,KXIP
Morné van Wyk, South Africa,X,KKR,X,X,X,X,X,X,X,X,X,X
Sachin Rana, India,X,KKR,X,PWI,PWI,SRH,RCB,X,X,X,X,X
Shoaib Shaikh, India,X,KKR,X,X,X,X,X,X,X,X,X,X
Amanpreet Singh, India,X,KXIP,KXIP,X,X,X,X,X,X,X,X,X
Burt Cockley, Australia,X,KXIP,X,X,X,X,X,X,X,X,X,X
Jerome Taylor, Jamaica,X,KXIP,X,PWI,X,X,X,X,MI,X,X,X
Ravi Bopara, England,X,KXIP,KXIP,X,X,X,X,SRH,X,X,X,X
Ravikant Shukla, India,X,KXIP,X,X,X,X,X,X,X,X,X,X
Rusty Theron, South Africa,X,KXIP,KXIP,DC,DC,X,X,RR,X,X,X,X
Ryan Ninan, India,X,KXIP,X,RCB,RCB,X,X,X,X,X,X,X
Vikramjeet Malik, India,X,KXIP,KXIP,KXIP,KXIP,RR,RR,RR,RCB,X,X,X
Yusuf Abdulla, South Africa,X,KXIP,KXIP,X,X,X,X,X,X,X,X,X
Abu Nechim Ahmed, India,X,MI,MI,MI,MI,MI,RCB,RCB,RCB,RCB,X,X
Chentanya Nanda, India,X,MI,X,X,X,X,X,X,X,X,X,X
Graham Napier, England,X,MI,MI,X,X,X,X,X,X,X,X,X
JP Duminy, South Africa,X,MI,MI,DC,DC,SRH,DD,DD,DD,DD,MI,X
Rahil Shaikh, India,X,MI,X,X,X,X,X,X,X,X,X,X
Ryan McLaren, South Africa,X,MI,MI,KXIP,X,KKR,X,X,X,X,X,X
Abhimanyu Mithun, India,X,RCB,RCB,RCB,RCB,RCB,X,MI,SRH,SRH,X,X
Bhuvneshwar Kumar, India,X,RCB,RCB,PWI,PWI,PWI,SRH,SRH,SRH,SRH,SRH,SRH
CM Gautam, India,X,RCB,RCB,RCB,RCB,DD,MI,DD,X,X,X,X
Dillon du Preez, South Africa,X,RCB,RCB,X,X,X,X,X,X,X,X,X
Eoin Morgan, England,X,RCB,RCB,KKR,KKR,KKR,X,SRH,SRH,KXIP,X,X
Ishank Jaggi, India,X,RCB,X,DC,DC,X,X,X,X,KKR,KKR,X
Jesse Ryder, New Zealand,X,RCB,RCB,PWI,PWI,DD,X,X,X,X,X,X
Jitendra Patil, India,X,RCB,X,X,X,X,X,X,X,X,X,X
Karn Sharma, India,X,RCB,X,X,X,SRH,SRH,SRH,SRH,MI,CSK,CSK
Kedar Jadhav, India,X,RCB,DD,KTK,DD,DD,DD,DD,RCB,RCB,CSK,CSK
Kevin Pietersen, England,X,RCB,RCB,DC,DD,DD,DD,SRH,RPS,X,X,X
Rajesh Bishnoi, India,X,RCB,X,X,X,X,X,X,X,X,X,X
Raju Bhatkal, India,X,RCB,X,RCB,RCB,X,X,X,X,X,X,X
Rangaraj Suthesh, India,X,RCB,X,X,X,X,X,X,X,X,X,X
RK Sabharwal, India,X,RCB,X,X,X,X,X,X,X,X,X,X
Roelof van der Merwe, South Africa,X,RCB,RCB,DD,DD,DD,X,X,X,X,X,X
Saurabh Bandekar, India,X,RCB,X,X,X,X,X,X,X,X,X,X
Sreenath Aravind, India,X,RCB,X,RCB,RCB,RCB,X,RCB,RCB,RCB,X,X
Tinu Yohannan, India,X,RCB,X,X,X,X,X,X,X,X,X,X
Udit Patel, India,X,RCB,X,X,X,X,X,X,X,X,X,X
Abdulahad Malek, India,X,RR,X,X,X,X,X,X,X,X,X,X
Aditya Dole, India,X,RR,RR,RR,RR,RR,X,X,X,X,X,X
Amit Singh, India,X,RR,RR,RR,RR,RR,X,X,X,X,X,X
Ashraf Makda, India,X,RR,X,X,X,X,X,X,X,X,X,X
Atul Sharma, India,X,RR,X,X,X,X,X,X,X,X,X,X
Gajendra Singh, India,X,RR,X,X,X,X,X,X,X,X,X,X
Johan Botha, South Africa,X,RR,RR,RR,RR,DD,KKR,X,X,X,X,X
Kamran Khan, India,X,RR,RR,PWI,PWI,X,X,X,X,X,X,X
Lee Carseldine, Australia,X,RR,X,X,X,X,X,X,X,X,X,X
Mohammed Arif, India,X,RR,X,X,X,X,X,X,X,X,X,X
Naman Ojha, India,X,RR,RR,DD,DD,DD,SRH,SRH,SRH,SRH,DD,X
Paras Dogra, India,X,RR,X,KXIP,KXIP,X,X,X,GL,X,X,X
Paul Valthaty, India,X,RR,X,KXIP,KXIP,KXIP,X,X,X,X,X,X
Pushkaraj Chavan, India,X,RR,X,X,X,X,X,X,X,X,X,X
Raiphi Gomez, India,X,RR,RR,KTK,PWI,PWI,X,X,X,X,X,X
Rob Quiney, Australia,X,RR,X,X,X,X,X,X,X,X,X,X
Shaun Tait, Australia,X,RR,RR,RR,RR,RR,X,X,KKR,X,X,X
Shrideep Mangela, India,X,RR,X,X,X,X,X,X,X,X,X,X
Tyron Henderson, South Africa,X,RR,X,X,X,X,X,X,X,X,X,X
Chandrasekar Ganapathy, India,X,X,CSK,X,X,X,X,X,X,X,X,X
Doug Bollinger, Australia,X,X,CSK,CSK,CSK,X,X,X,X,X,X,X
Hemang Badani, India,X,X,CSK,X,X,X,X,X,X,X,X,X
Justin Kemp, South Africa,X,X,CSK,X,X,X,X,X,X,X,X,X
Thisara Perera, Sri Lanka,X,X,CSK,KTK,MI,SRH,KXIP,KXIP,RPS,X,X,X
Anirudh Singh, India,X,X,DC,X,X,X,X,X,X,X,X,X
Ashish Reddy, India,X,X,DC,DC,DC,SRH,SRH,SRH,SRH,X,X,X
Bodapati Sumanth, India,X,X,DC,X,X,X,X,X,X,X,X,X
Joginder Singh, India,X,X,DD,X,X,X,X,X,X,X,X,X
Sarabjit Ladda, India,X,X,DD,KKR,KKR,KKR,X,X,GL,X,X,X
Sarandeep Singh, India,X,X,DD,X,X,X,X,X,X,X,X,X
Shashi Ranjan, India,X,X,DD,X,X,X,X,X,X,X,X,X
Chirag Pathak, India,X,X,KKR,X,X,X,X,X,X,X,X,X
Eklak Ahmid, India,X,X,KKR,X,X,X,X,X,X,X,X,X
Ganapathi Vignesh, India,X,X,KKR,CSK,CSK,X,X,X,X,X,X,X
Harshad Khadiwale, India,X,X,KKR,PWI,PWI,X,X,X,X,X,X,X
Jaydev Unadkat, India,X,X,KKR,KKR,KKR,RCB,DD,DD,KKR,RPS,RR,RR
Mandeep Singh, India,X,X,KKR,KXIP,KXIP,KXIP,KXIP,RCB,RCB,RCB,RCB,KXIP
Rohan Gavaskar, India,X,X,KKR,X,X,X,X,X,X,X,X,X
Shane Bond, New Zealand,X,X,KKR,X,X,X,X,X,X,X,X,X
Varun Aaron, India,X,X,KKR,DD,DD,DD,RCB,RCB,RCB,KXIP,X,RR
Adrian Barath, Trinidad and Tobago,X,X,KXIP,X,X,X,X,X,X,X,X,X
Bipul Sharma, India,X,X,KXIP,KXIP,KXIP,KXIP,X,SRH,SRH,SRH,SRH,X
Love Ablish, India,X,X,KXIP,KXIP,KXIP,X,X,X,X,X,X,X
Reetinder Singh Sodhi, India,X,X,KXIP,X,X,X,X,X,X,X,X,X
Shalabh Srivastava, India,X,X,KXIP,KXIP,KXIP,X,X,X,X,X,X,X
Aditya Tare, India,X,X,MI,MI,MI,MI,MI,MI,SRH,DD,MI,MI
Ali Murtaza, India,X,X,MI,MI,PWI,PWI,X,X,X,X,X,X
Ambati Rayudu, India,X,X,MI,MI,MI,MI,MI,MI,MI,MI,CSK,CSK
Chandan Madan, India,X,X,MI,KTK,X,X,X,X,X,X,X,X
Ishan Malhotra, India,X,X,MI,DC,X,X,X,X,X,X,X,X
Kieron Pollard, Trinidad and Tobago,X,X,MI,MI,MI,MI,MI,MI,MI,MI,MI,MI
Rahul Shukla, India,X,X,MI,MI,MI,RR,DD,X,X,X,X,X
Rajagopal Sathish, India,X,X,MI,MI,KXIP,KXIP,X,X,KKR,X,X,X
Stuart Binny, India,X,X,MI,RR,RR,RR,RR,RR,RCB,RCB,RR,RR
Syed Shahabuddin, India,X,X,MI,X,X,X,X,X,X,X,X,X
Sridharan Sriram, India,X,X,RCB,DD,X,X,X,X,X,X,X,X
Steve Smith, Australia,X,X,RCB,KTK,PWI,PWI,RR,RR,RPS,RPS,RR,RR
Aaron Finch, Australia,X,X,RR,DD,DD,PWI,SRH,MI,GL,GL,KXIP,X
Abhishek Jhunjhunwala, India,X,X,RR,PWI,DC,X,X,X,X,X,X,X
Adam Voges, Australia,X,X,RR,X,X,X,X,X,X,X,X,X
Amit Paunikar, India,X,X,RR,RR,RR,X,SRH,X,X,X,X,X
Amit Uniyal, India,X,X,RR,X,X,X,X,X,X,X,X,X
Damien Martyn, Australia,X,X,RR,X,X,X,X,X,X,X,X,X
Michael Lumb, England,X,X,RR,DC,DC,X,X,X,X,X,X,X
Shrikant Wagh, India,X,X,RR,PWI,PWI,PWI,X,X,X,X,X,X
Syed Quadri, India,X,X,RR,X,DC,X,X,X,X,X,X,X
Ben Hilfenhaus, Australia,X,X,X,CSK,CSK,CSK,CSK,MI,X,DD,X,X
Francois du Plessis, South Africa,X,X,X,CSK,CSK,CSK,CSK,CSK,RPS,RPS,CSK,CSK
Kuthethurshri Vasudevadas, India,X,X,X,CSK,CSK,X,X,X,X,X,X,X
Nuwan Kulasekara, Sri Lanka,X,X,X,CSK,CSK,CSK,X,X,X,X,X,X
Suraj Randiv, Sri Lanka,X,X,X,CSK,CSK,X,X,X,X,X,X,X
Tim Southee, New Zealand,X,X,X,CSK,X,X,RR,RR,MI,MI,RCB,RCB
Akash Bhandari, India,X,X,X,DC,DC,X,X,X,X,X,X,X
Anand Rajan, India,X,X,X,DC,DC,SRH,X,X,X,X,X,X
Ankit Sharma, India,X,X,X,DC,DC,SRH,RR,RR,RPS,RPS,RR,X
Chris Lynn, Australia,X,X,X,DC,DC,SRH,KKR,KKR,KKR,KKR,KKR,KKR
Daniel Christian, Australia,X,X,X,DC,DC,RCB,X,X,X,RPS,DD,X
Kedar Devdhar, India,X,X,X,DC,DC,X,X,X,X,X,X,X
Ajit Chandila, India,X,X,X,DD,RR,RR,X,X,X,X,X,X
Colin Ingram, South Africa,X,X,X,DD,DD,X,X,X,X,X,X,DD
Matthew Wade, Australia,X,X,X,DD,X,X,X,X,X,X,X,X
Prashant Naik, India,X,X,X,DD,DD,X,X,X,X,X,X,X
Robbie Frylinck, South Africa,X,X,X,DD,X,X,X,X,X,X,X,X
Robin BistX, India,X,X,X,DD,DD,DD,X,X,X,X,X,X
Shahbaz Nadeem, India,X,X,X,DD,DD,DD,DD,DD,DD,DD,DD,SRH
Travis Birt, Australia,X,X,X,DD,DD,X,X,X,X,X,X,X
Unmukt Chand, India,X,X,X,DD,DD,DD,RR,MI,MI,X,X,X
Vikas Mishra, India,X,X,X,DD,DD,X,X,X,X,X,X,X
Vivek Yadav, India,X,X,X,DD,X,X,X,X,X,X,X,X
Brad Haddin, Australia,X,X,X,KKR,KKR,KKR,X,X,X,X,X,X
James Pattinson, Australia,X,X,X,KKR,KKR,KKR,X,X,X,X,X,X
Mohammed Shami, India,X,X,X,KKR,KKR,KKR,DD,DD,DD,DD,DD,KXIP
Ryan ten Doeschate, Netherlands,X,X,X,KKR,KKR,KKR,KKR,KKR,X,X,X,X
Shakib Al Hasan, Bangladesh,X,X,X,KKR,KKR,KKR,KKR,KKR,KKR,KKR,SRH,SRH
Deepak Chougule, India,X,X,X,KTK,X,X,X,X,X,X,X,X
Gnaneswara Rao, India,X,X,X,KTK,X,X,X,X,X,X,X,X
John Hastings, Australia,X,X,X,KTK,X,X,CSK,X,KKR,X,X,X
Michael Klinger, Australia,X,X,X,KTK,X,X,X,X,X,X,X,X
Padmanabhan Prasanth, India,X,X,X,KTK,X,SRH,X,SRH,X,X,X,X
Prasanth Parameswaran, India,X,X,X,KTK,RCB,RCB,SRH,X,X,X,X,X
Steve O'Keefe, Australia,X,X,X,KTK,X,X,X,X,X,X,X,X
Sushant Marathe, India,X,X,X,KTK,MI,MI,MI,X,X,X,X,X
Amit Yadav, India,X,X,X,KXIP,KXIP,X,X,X,X,X,X,X
Bhargav Bhatt, India,X,X,X,KXIP,KXIP,KXIP,X,X,X,X,X,X
David Miller, South Africa,X,X,X,KXIP,KXIP,KXIP,KXIP,KXIP,KXIP,KXIP,KXIP,KXIP
Manan Vohra, India,X,X,X,KXIP,KXIP,KXIP,KXIP,KXIP,KXIP,KXIP,RCB,RR
Nathan Rimmington, Australia,X,X,X,KXIP,KXIP,X,X,X,X,X,X,X
Stuart Broad, England,X,X,X,KXIP,KXIP,X,X,X,X,X,X,X
Sunny Singh, India,X,X,X,KXIP,KXIP,KXIP,X,X,X,X,X,X
Aiden Blizzard, Australia,X,X,X,MI,MI,MI,X,MI,X,X,X,X
Clint McKay, Australia,X,X,X,MI,MI,SRH,X,X,X,X,X,X
Davy Jacobs, South Africa,X,X,X,MI,MI,X,X,X,X,X,X,X
James Franklin, New Zealand,X,X,X,MI,MI,MI,X,X,X,X,X,X
Pawan Suyal, India,X,X,X,MI,MI,MI,MI,MI,DD,X,X,X
Ray Price, Zimbabwe,X,X,X,MI,X,X,X,X,X,X,X,X
Santosh Yadav, India,X,X,X,MI,X,X,X,X,X,X,X,X
Sarul Kanwar, India,X,X,X,MI,X,X,X,X,X,X,X,X
Suryakumar Yadav, India,X,X,X,MI,MI,MI,KKR,KKR,KKR,KKR,MI,MI
Yuzvendra Chahal, India,X,X,X,MI,MI,MI,RCB,RCB,RCB,RCB,RCB,RCB
Alfonso Thomas, South Africa,X,X,X,PWI,PWI,X,X,X,X,X,X,X
Callum Ferguson, Australia,X,X,X,PWI,PWI,X,X,X,X,X,X,X
Dheeraj Jadhav, India,X,X,X,PWI,PWI,PWI,X,X,X,X,X,X
Eklavya Dwivedi, India,X,X,X,PWI,PWI,PWI,X,CSK,GL,SRH,X,X
Ganesh Gaikwad, India,X,X,X,PWI,X,X,X,X,X,X,X,X
Harpreet Singh, India,X,X,X,PWI,PWI,PWI,X,X,X,RCB,X,X
Imtiaz Ahmed, India,X,X,X,PWI,X,CSK,X,X,X,X,X,X
James Faulkner, Australia,X,X,X,PWI,KXIP,RR,RR,RR,GL,GL,X,X
Nathan McCullum, India,X,X,X,PWI,PWI,SRH,X,X,X,X,X,X
Nayan Doshi, India,X,X,X,PWI,X,X,X,X,X,X,X,X
Shrikant Mundhe, India,X,X,X,PWI,X,X,X,X,X,X,KKR,KKR
Tim Paine, Australia,X,X,X,PWI,X,X,X,X,X,X,X,X
Abrar Kazi, India,X,X,X,RCB,X,X,X,X,X,X,X,X
Asad Pathan, India,X,X,X,RCB,RCB,X,X,X,X,X,X,X
BN Bharath, India,X,X,X,RCB,X,X,X,X,X,X,X,X
Johan van der Wath, South Africa,X,X,X,RCB,X,X,X,X,X,X,X,X
Jonathan Vandiar, South Africa,X,X,X,RCB,X,X,X,X,X,X,X,X
Mayank Agarwal, India,X,X,X,RCB,RCB,RCB,DD,DD,DD,RPS,KXIP,KXIP
Nuwan Pradeep, Sri Lanka,X,X,X,RCB,X,X,X,X,X,X,X,X
Rilee Rossouw, South Africa,X,X,X,RCB,RCB,RCB,RCB,RCB,X,X,X,X
Syed Mohammed, India,X,X,X,RCB,RCB,RCB,X,X,X,X,X,X
Ashok Menaria, India,X,X,X,RR,RR,RR,X,X,X,X,X,X
Deepak Chahar, India,X,X,X,RR,RR,RR,X,X,RPS,RPS,CSK,CSK
Dishant Yagnik, India,X,X,X,RR,RR,RR,RR,RR,X,X,X,X
Samad Fallah, India,X,X,X,RR,RR,RR,X,X,X,X,X,X
Akshath Reddy, India,X,X,X,X,DC,SRH,X,X,X,X,X,X
Biplab Samantray, India,X,X,X,X,DC,SRH,X,X,X,X,X,X
Daniel Harris, Australia,X,X,X,X,DC,X,X,X,X,X,X,X
Darren Bravo, Trinidad and Tobago,X,X,X,X,DC,X,X,X,X,KKR,X,X
Sneha Kishore, India,X,X,X,X,DC,X,X,X,X,X,X,X
Tanmay Mishra, Kenya,X,X,X,X,DC,X,RCB,X,X,X,X,X
Tekkami Atchuta Rao, India,X,X,X,X,DC,X,X,X,X,X,X,X
TP Sudhindra, India,X,X,X,X,DC,X,X,X,X,X,X,X
Veer Pratap Singh, India,X,X,X,X,DC,SRH,KKR,KKR,X,X,X,X
Andre Russell, Jamaica,X,X,X,X,DD,DD,KKR,KKR,KKR,KKR,KKR,KKR
Doug Bracewell, New Zealand,X,X,X,X,DD,X,X,X,X,X,X,X
Glenn Maxwell, Australia,X,X,X,X,DD,MI,KXIP,KXIP,KXIP,KXIP,DD,X
Gulam Bodi, South Africa,X,X,X,X,DD,DD,X,X,X,X,X,X
Kuldeep Raval, India,X,X,X,X,DD,X,X,X,X,X,X,X
Manpreet Juneja, India,X,X,X,X,DD,DD,SRH,X,X,X,X,X
Pawan Negi, India,X,X,X,X,DD,DD,CSK,CSK,DD,RCB,RCB,RCB
Puneet Bisht, India,X,X,X,X,DD,DD,X,X,X,X,X,X
Sunny Gupta, India,X,X,X,X,DD,DD,X,X,X,X,X,X
Zafir Patel, India,X,X,X,X,DD,X,X,X,X,X,X,X
Chirag Jani, India,X,X,X,X,KKR,X,X,X,X,X,X,X
Iresh Saxena, India,X,X,X,X,KKR,X,X,X,X,X,X,X
Marchant de Lange, South Africa,X,X,X,X,KKR,KKR,MI,MI,MI,X,X,X
Sanju Samson, India,X,X,X,X,KKR,RR,RR,RR,DD,DD,RR,RR
Sunil Narine, Trinidad and Tobago,X,X,X,X,KKR,KKR,KKR,KKR,KKR,KKR,KKR,KKR
Ben Cutting, Australia,X,X,X,X,KXIP,X,RR,RR,SRH,SRH,MI,MI
Gurkeerat Singh, India,X,X,X,X,KXIP,KXIP,KXIP,KXIP,KXIP,KXIP,DD,RCB
Kyle Abbott, South Africa,X,X,X,X,KXIP,X,X,CSK,KXIP,X,X,X
Parvinder Awana, India,X,X,X,X,KXIP,KXIP,KXIP,KXIP,X,X,X,X
Amitoze Singh, India,X,X,X,X,MI,MI,X,X,X,X,X,X
Apoorv Wankhade, India,X,X,X,X,MI,X,MI,X,X,X,MI,X
Kuldeep Yadav, India,X,X,X,X,MI,X,KKR,KKR,KKR,KKR,KKR,KKR
Mitchell Johnson, Australia,X,X,X,X,MI,MI,KXIP,KXIP,KXIP,MI,KKR,X
Richard Levi, South Africa,X,X,X,X,MI,X,X,X,X,X,X,X
Robin Peterson, South Africa,X,X,X,X,MI,X,X,X,X,X,X,X
Sujit Nayak, India,X,X,X,X,MI,DD,X,X,X,X,X,X
Anustup Majumdar, India,X,X,X,X,PWI,PWI,X,X,X,X,X,X
Krishnakant Upadhyay, India,X,X,X,X,PWI,PWI,X,X,X,X,X,X
Luke Wright, England,X,X,X,X,PWI,PWI,X,X,X,X,X,X
Marlon Samuels, Jamaica,X,X,X,X,PWI,PWI,X,X,X,DD,X,X
Michael Clarke, Australia,X,X,X,X,PWI,PWI,X,X,X,X,X,X
Tamim Iqbal, Bangladesh,X,X,X,X,PWI,PWI,X,X,X,X,X,X
Harshal Patel, India,X,X,X,X,RCB,RCB,RCB,RCB,RCB,RCB,DD,DD
Karun Nair, India,X,X,X,X,RCB,RCB,RR,RR,DD,DD,KXIP,KXIP
S. Thiagarajan, India,X,X,X,X,RCB,X,X,X,X,X,X,X
Vijay Zol, India,X,X,X,X,RCB,RCB,RCB,RCB,X,X,X,X
Brad Hogg, Australia,X,X,X,X,RR,RR,X,KKR,KKR,X,X,X
Dinesh Chandimal, Sri Lanka,X,X,X,X,RR,X,X,X,X,X,X,X
Kevon Cooper, Trinidad and Tobago,X,X,X,X,RR,RR,RR,X,X,X,X,X
Samuel Badree, Trinidad and Tobago,X,X,X,X,RR,RR,CSK,CSK,RCB,RCB,X,X
Akila Dananjaya, Sri Lanka,X,X,X,X,X,CSK,X,X,X,X,MI,X
Ankit Rajpoot, India,X,X,X,X,X,CSK,X,X,KKR,KKR,KXIP,KXIP
Baba Aparajith, India,X,X,X,X,X,CSK,CSK,CSK,RPS,RPS,X,X
Ben Laughlin, Australia,X,X,X,X,X,CSK,X,X,X,SRH,RR,X
Chris Morris, South Africa,X,X,X,X,X,CSK,X,RR,DD,DD,DD,DD
Jason Holder, Barbados,X,X,X,X,X,CSK,SRH,X,KKR,X,X,X
Mohit Sharma, India,X,X,X,X,X,CSK,CSK,CSK,KXIP,KXIP,KXIP,CSK
R. Karthikeyan, India,X,X,X,X,X,CSK,X,X,X,X,X,X
Ronit More, India,X,X,X,X,X,CSK,CSK,CSK,X,X,X,X
Vijay Shankar, India,X,X,X,X,X,CSK,CSK,X,SRH,SRH,DD,SRH
Arisht Singhvi, India,X,X,X,X,X,DD,X,X,X,X,X,X
Ben Rohrer, Australia,X,X,X,X,X,DD,X,X,X,X,X,X
Jeevan Mendis, Sri Lanka,X,X,X,X,X,DD,X,X,X,X,X,X
Royston Dias, India,X,X,X,X,X,DD,X,X,X,X,X,X
Sachithra Senanayake, Sri Lanka,X,X,X,X,X,KKR,X,X,X,X,X,X
Aniket Choudhary, India,X,X,X,X,X,KXIP,X,X,X,RCB,RCB,X
Michael Neser, Australia,X,X,X,X,X,KXIP,X,X,X,X,X,X
Sandeep Sharma, India,X,X,X,X,X,KXIP,KXIP,KXIP,KXIP,KXIP,SRH,SRH
Axar Patel, India,X,X,X,X,X,MI,KXIP,KXIP,KXIP,KXIP,KXIP,DD
Jalaj Saxena, India,X,X,X,X,X,MI,MI,RCB,X,X,X,DD
Jasprit Bumrah, India,X,X,X,X,X,MI,MI,MI,MI,MI,MI,MI
Javed Khan, India,X,X,X,X,X,MI,X,X,X,X,X,X
Nathan Coulter-Nile, Australia,X,X,X,X,X,MI,DD,DD,DD,KKR,RCB,RCB
Phillip Hughes, Australia,X,X,X,X,X,MI,X,X,X,X,X,X
Ishwar Pandey, India,X,X,X,X,X,PWI,CSK,CSK,RPS,RPS,X,X
Kane Richardson, Australia,X,X,X,X,X,PWI,RR,RR,RCB,X,X,X
Parvez Rasool, India,X,X,X,X,X,PWI,SRH,SRH,RCB,X,X,X
Udit Birla, India,X,X,X,X,X,PWI,X,X,X,X,X,X
Chris Barnwell, Guyana,X,X,X,X,X,RCB,X,X,X,X,X,X
KL Rahul, India,X,X,X,X,X,RCB,SRH,SRH,RCB,RCB,KXIP,KXIP
Ravi Rampaul, Trinidad and Tobago,X,X,X,X,X,RCB,RCB,X,X,X,X,X
Sandeep Warrier, India,X,X,X,X,X,RCB,RCB,RCB,X,X,X,KKR
Sheldon Jackson, India,X,X,X,X,X,RCB,X,KKR,KKR,KKR,X,X
Kumar Boresa, India,X,X,X,X,X,RR,X,X,X,X,X,X
Kusal Perera, Sri Lanka,X,X,X,X,X,RR,X,X,X,X,X,X
Pravin Tambe, India,X,X,X,X,X,RR,RR,RR,GL,SRH,X,X
Sachin Baby, India,X,X,X,X,X,RR,X,X,X,RCB,SRH,X
Darren Sammy, Saint Lucia,X,X,X,X,X,SRH,SRH,RCB,X,KXIP,X,X
Hanuma Vihari, India,X,X,X,X,X,SRH,X,SRH,X,X,X,DD
Quinton de Kock, South Africa,X,X,X,X,X,SRH,DD,DD,DD,DD,RCB,MI
Thalaivan Sargunam, India,X,X,X,X,X,SRH,X,X,X,X,X,X
Matt Henry, New Zealand,X,X,X,X,X,X,CSK,CSK,X,KXIP,X,X
HS Sharath, India,X,X,X,X,X,X,DD,X,X,X,X,X
Imran Tahir, South Africa,X,X,X,X,X,X,DD,DD,DD,RPS,CSK,CSK
Jimmy Neesham, New Zealand,X,X,X,X,X,X,DD,KKR,X,X,X,X
Jayant Yadav, India,X,X,X,X,X,X,DD,DD,DD,DD,DD,MI
Milind Kumar, India,X,X,X,X,X,X,DD,X,X,X,X,RCB
Pat Cummins, Australia,X,X,X,X,X,X,KKR,KKR,X,DD,MI,X
Sayan Mondal, India,X,X,X,X,X,X,KKR,X,X,X,X,X
Beuran Hendricks, South Africa,X,X,X,X,X,X,KXIP,KXIP,X,X,X,MI
Karanveer Singh, India,X,X,X,X,X,X,KXIP,KXIP,X,X,X,X
Shardul Thakur, India,X,X,X,X,X,X,KXIP,KXIP,KXIP,RPS,CSK,CSK
Shivam Sharma, India,X,X,X,X,X,X,KXIP,KXIP,X,X,X,X
Ben Dunk, Australia,X,X,X,X,X,X,MI,X,X,X,X,X
Corey Anderson, New Zealand,X,X,X,X,X,X,MI,MI,MI,DD,RCB,X
Josh Hazlewood, Australia,X,X,X,X,X,X,MI,MI,X,X,X,X
Krishmar Santokie, Jamaica,X,X,X,X,X,X,MI,X,X,X,X,X
Lendl Simmons, Trinidad and Tobago,X,X,X,X,X,X,MI,MI,MI,MI,X,X
Shreyas Gopal, India,X,X,X,X,X,X,MI,MI,MI,MI,RR,RR
Mitchell Starc, Australia,X,X,X,X,X,X,RCB,RCB,RCB,X,KKR,X
Nic Maddinson, Australia,X,X,X,X,X,X,RCB,RCB,X,X,X,X
Amit Mishra, India,X,X,X,X,X,X,RR,X,GL,X,X,X
Ankush Bains, India,X,X,X,X,X,X,RR,CSK,RPS,RPS,X,DD
Deepak Hooda, India,X,X,X,X,X,X,RR,RR,SRH,SRH,SRH,SRH
Rahul Tewatia, India,X,X,X,X,X,X,RR,RR,X,KXIP,DD,DD
Brendan Taylor, Zimbabwe,X,X,X,X,X,X,SRH,X,X,X,X,X
Chama Milind, India,X,X,X,X,X,X,SRH,SRH,DD,DD,X,X
Ricky Bhui, India,X,X,X,X,X,X,SRH,SRH,SRH,X,SRH,SRH
Andrew Tye, Australia,X,X,X,X,X,X,X,CSK,GL,GL,KXIP,KXIP
Pratyush Singh, India,X,X,X,X,X,X,X,CSK,DD,DD,X,X
Domnic Muthuswami, India,X,X,X,X,X,X,X,DD,X,X,X,X
Gurinder Sandhu, Australia,X,X,X,X,X,X,X,DD,X,X,X,X
KK Jiyas, India,X,X,X,X,X,X,X,DD,X,X,X,X
Marcus Stoinis, Australia,X,X,X,X,X,X,X,DD,KXIP,KXIP,KXIP,RCB
Shreyas Iyer, India,X,X,X,X,X,X,X,DD,DD,DD,DD,DD
Srikar Bharat, India,X,X,X,X,X,X,X,DD,X,X,X,X
Travis Head, Australia,X,X,X,X,X,X,X,DD,RCB,RCB,X,X
Aditya Garhwal, India,X,X,X,X,X,X,X,KKR,X,X,X,X
KC Cariappa, India,X,X,X,X,X,X,X,KKR,KXIP,KXIP,X,KKR
Vaibhav Rawal, India,X,X,X,X,X,X,X,KKR,X,X,X,X
Nikhil Naik, India,X,X,X,X,X,X,X,KXIP,KXIP,KXIP,X,KKR
Yogesh Golwalkar, India,X,X,X,X,X,X,X,KXIP,X,X,X,X
Akshay Wakhare, India,X,X,X,X,X,X,X,MI,MI,X,X,X
Alex Hales, England,X,X,X,X,X,X,X,MI,X,X,SRH,X
Colin Munro, New Zealand,X,X,X,X,X,X,X,MI,KKR,X,DD,DD
Hardik Pandya, India,X,X,X,X,X,X,X,MI,MI,MI,MI,MI
Jagadeesha Suchith, India,X,X,X,X,X,X,X,MI,MI,MI,X,DD
Mitchell McClenaghan, New Zealand,X,X,X,X,X,X,X,MI,MI,MI,MI,MI
Nitish Rana, India,X,X,X,X,X,X,X,MI,MI,MI,KKR,KKR
Siddhesh Lad, India,X,X,X,X,X,X,X,MI,MI,MI,MI,MI
Adam Milne, New Zealand,X,X,X,X,X,X,X,RCB,RCB,RCB,MI,MI
David Wiese, South Africa,X,X,X,X,X,X,X,RCB,RCB,X,X,X
Sarfaraz Khan, India,X,X,X,X,X,X,X,RCB,RCB,RCB,RCB,KXIP
Sean Abbott, Australia,X,X,X,X,X,X,X,RCB,X,X,X,X
Shishir Bhavane, India,X,X,X,X,X,X,X,RCB,X,X,X,X
Barinder Sran, India,X,X,X,X,X,X,X,RR,SRH,SRH,KXIP,MI
Pardeep Sahu, India,X,X,X,X,X,X,X,RR,KXIP,KXIP,KXIP,X
Sagar Trivedi, India,X,X,X,X,X,X,X,RR,X,X,X,X
Kane Williamson, New Zealand,X,X,X,X,X,X,X,SRH,SRH,SRH,SRH,SRH
Trent Boult, New Zealand,X,X,X,X,X,X,X,SRH,SRH,KKR,DD,DD
Akhil Herwadkar, India,X,X,X,X,X,X,X,X,DD,X,X,X
Carlos Brathwaite, Barbados,X,X,X,X,X,X,X,X,DD,DD,SRH,KKR
Khaleel Ahmed, India,X,X,X,X,X,X,X,X,DD,DD,SRH,SRH
Rishabh Pant, India,X,X,X,X,X,X,X,X,DD,DD,DD,DD
Sam Billings, England,X,X,X,X,X,X,X,X,DD,DD,CSK,CSK
Akshdeep Nath, India,X,X,X,X,X,X,X,X,GL,GL,KXIP,RCB
Ishan Kishan, India,X,X,X,X,X,X,X,X,GL,MI,MI,MI
Shivil Kaushik, India,X,X,X,X,X,X,X,X,GL,GL,X,X
Umang Sharma, India,X,X,X,X,X,X,X,X,GL,X,X,X
Manan Sharma, India,X,X,X,X,X,X,X,X,KKR,X,X,X
Armaan Jaffer, India,X,X,X,X,X,X,X,X,KXIP,KXIP,X,X
Farhaan Behardien, South Africa,X,X,X,X,X,X,X,X,KXIP,X,X,X
Hashim Amla, South Africa,X,X,X,X,X,X,X,X,KXIP,KXIP,X,X
Deepak Punia, India,X,X,X,X,X,X,X,X,MI,MI,X,X
Jitesh Sharma, India,X,X,X,X,X,X,X,X,MI,MI,X,X
Jos Buttler, England,X,X,X,X,X,X,X,X,MI,MI,RR,RR
Kishore Kamath, India,X,X,X,X,X,X,X,X,MI,X,X,X
Krunal Pandya, India,X,X,X,X,X,X,X,X,MI,MI,MI,MI
Martin Guptill, New Zealand,X,X,X,X,X,X,X,X,MI,KXIP,X,SRH
Nathu Singh, India,X,X,X,X,X,X,X,X,MI,GL,X,DD
Akshay Karnewar, India,X,X,X,X,X,X,X,X,RCB,X,X,X
Chris Jordan, England,X,X,X,X,X,X,X,X,RCB,SRH,SRH,X
Joel Paris, Australia,X,X,X,X,X,X,X,X,DD,X,X,X
Praveen Dubey, India,X,X,X,X,X,X,X,X,RCB,RCB,X,X
Tabraiz Shamsi, South Africa,X,X,X,X,X,X,X,X,RCB,RCB,X,X
Vikas Tokas, India,X,X,X,X,X,X,X,X,RCB,X,X,X
Adam Zampa, Australia,X,X,X,X,X,X,X,X,RPS,RPS,X,X
Murugan Ashwin, India,X,X,X,X,X,X,X,X,RPS,DD,RCB,KXIP
Peter Handscomb, Australia,X,X,X,X,X,X,X,X,RPS,X,X,X
Scott Boland, Australia,X,X,X,X,X,X,X,X,RPS,X,X,X
Usman Khawaja, Australia,X,X,X,X,X,X,X,X,RPS,RPS,X,X
Mustafizur Rahman, Bangladesh,X,X,X,X,X,X,X,X,SRH,SRH,MI,X
Ankit Bawne, India,X,X,X,X,X,X,X,X,X,DD,X,X
Kagiso Rabada, South Africa,X,X,X,X,X,X,X,X,X,DD,DD,DD
Navdeep Saini, India,X,X,X,X,X,X,X,X,X,DD,RCB,RCB
Shashank Singh, India,X,X,X,X,X,X,X,X,X,DD,RR,RR
Ankit Soni, India,X,X,X,X,X,X,X,X,X,GL,X,X
Basil Thampi, India,X,X,X,X,X,X,X,X,X,GL,SRH,SRH
Chirag Suri, United Arab Emirates,X,X,X,X,X,X,X,X,X,GL,X,X
Jason Roy, England,X,X,X,X,X,X,X,X,X,GL,DD,X
Pratham Singh, India,X,X,X,X,X,X,X,X,X,GL,X,X
Rinku Singh, India,X,X,X,X,X,X,X,X,X,GL,KKR,KKR
Shelley Shaurya, India,X,X,X,X,X,X,X,X,X,GL,X,X
Shubham Agarwal, India,X,X,X,X,X,X,X,X,X,GL,X,X
Tejas Baroka, India,X,X,X,X,X,X,X,X,X,GL,X,X
Chris Woakes, England,X,X,X,X,X,X,X,X,X,KKR,RCB,X
Colin de Grandhomme, New Zealand,X,X,X,X,X,X,X,X,X,KKR,RCB,RCB
Rovman Powell, Jamaica,X,X,X,X,X,X,X,X,X,KKR,X,X
Sanjay Yadav, India,X,X,X,X,X,X,X,X,X,KKR,X,X
Sayan Ghosh, India,X,X,X,X,X,X,X,X,X,KKR,DD,X
T Natarajan, India,X,X,X,X,X,X,X,X,X,KXIP,SRH,SRH
Asela Gunaratne, Sri Lanka,X,X,X,X,X,X,X,X,X,MI,X,X
Krishnappa Gowtham, India,X,X,X,X,X,X,X,X,X,MI,RR,RR
Kulwant Khejroliya, India,X,X,X,X,X,X,X,X,X,MI,RCB,RCB
Nicholas Pooran, Trinidad and Tobago,X,X,X,X,X,X,X,X,X,MI,KXIP,KXIP
Avesh Khan, India,X,X,X,X,X,X,X,X,X,RCB,DD,DD
Billy Stanlake, Australia,X,X,X,X,X,X,X,X,X,RCB,SRH,SRH
Tymal Mills, England,X,X,X,X,X,X,X,X,X,RCB,X,X
Vishnu Vinod, India,X,X,X,X,X,X,X,X,X,RCB,X,X
Ben Stokes, England,X,X,X,X,X,X,X,X,X,RPS,RR,RR
Lockie Ferguson, New Zealand,X,X,X,X,X,X,X,X,X,RPS,X,KKR
Milind Tandon, India,X,X,X,X,X,X,X,X,X,RPS,X,X
Rahul Chahar, India,X,X,X,X,X,X,X,X,X,RPS,MI,MI
Rahul Tripathi, India,X,X,X,X,X,X,X,X,X,RPS,RR,RR
Saurabh Kumar, India,X,X,X,X,X,X,X,X,X,RPS,X,X
Washington Sundar, India,X,X,X,X,X,X,X,X,X,RPS,RCB,RCB
Mohammad Nabi, Afghanistan,X,X,X,X,X,X,X,X,X,SRH,SRH,SRH
Mohammed Siraj, India,X,X,X,X,X,X,X,X,X,SRH,RCB,RCB
Rashid Khan, Afghanistan,X,X,X,X,X,X,X,X,X,SRH,SRH,SRH
Tanmay Agarwal, India,X,X,X,X,X,X,X,X,X,SRH,X,X
Chaitanya Bishnoi, India,X,X,X,X,X,X,X,X,X,X,CSK,CSK
David Willey, England,X,X,X,X,X,X,X,X,X,X,CSK,CSK
Dhruv Shorey, India,X,X,X,X,X,X,X,X,X,X,CSK,CSK
Kanishk Seth, India,X,X,X,X,X,X,X,X,X,X,CSK,X
KM Asif, India,X,X,X,X,X,X,X,X,X,X,CSK,CSK
Kshitiz Sharma, India,X,X,X,X,X,X,X,X,X,X,CSK,X
Lungi Ngidi, South Africa,X,X,X,X,X,X,X,X,X,X,CSK,CSK
Mark Wood, England,X,X,X,X,X,X,X,X,X,X,CSK,X
Mitchell Santner, New Zealand,X,X,X,X,X,X,X,X,X,X,CSK,CSK
Monu Kumar, India,X,X,X,X,X,X,X,X,X,X,CSK,CSK
Nayaran Jagadeesan, India,X,X,X,X,X,X,X,X,X,X,CSK,CSK
Abhishek Sharma, India,X,X,X,X,X,X,X,X,X,X,DD,SRH
Junior Dala, South Africa,X,X,X,X,X,X,X,X,X,X,DD,X
Liam Plunkett, England,X,X,X,X,X,X,X,X,X,X,DD,X
Manjot Kalra, India,X,X,X,X,X,X,X,X,X,X,DD,DD
Prithvi Shaw, India,X,X,X,X,X,X,X,X,X,X,DD,DD
Sandeep Lamichhane,   Nepal,X,X,X,X,X,X,X,X,X,X,DD,DD
Cameron Delport, South Africa,X,X,X,X,X,X,X,X,X,X,KKR,X
Javon Searles, Barbados,X,X,X,X,X,X,X,X,X,X,KKR,X
Kamlesh Nagarkoti, India,X,X,X,X,X,X,X,X,X,X,KKR,KKR
Prasidh Krishna, India,X,X,X,X,X,X,X,X,X,X,KKR,KKR
Shivam Mavi, India,X,X,X,X,X,X,X,X,X,X,KKR,KKR
Shubman Gill, India,X,X,X,X,X,X,X,X,X,X,KKR,KKR
Tom Curran, England,X,X,X,X,X,X,X,X,X,X,KKR,X
Ben Dwarshuis, Australia,X,X,X,X,X,X,X,X,X,X,KXIP,X
Manzoor Dar, India,X,X,X,X,X,X,X,X,X,X,KXIP,X
Mayank Dagar, India,X,X,X,X,X,X,X,X,X,X,KXIP,X
Mujeeb Ur Rahman, Afghanistan,X,X,X,X,X,X,X,X,X,X,KXIP,KXIP
Anukul Roy, India,X,X,X,X,X,X,X,X,X,X,MI,MI
Evin Lewis, Trinidad and Tobago,X,X,X,X,X,X,X,X,X,X,MI,MI
Jason Behrendorff, Australia,X,X,X,X,X,X,X,X,X,X,MI,MI
M. D. Nidheesh, India,X,X,X,X,X,X,X,X,X,X,MI,X
Mayank Markande, India,X,X,X,X,X,X,X,X,X,X,MI,MI
Mohsin Khan, India,X,X,X,X,X,X,X,X,X,X,MI,X
Sharad Lumba, India,X,X,X,X,X,X,X,X,X,X,MI,X
Tajinder Singh, India,X,X,X,X,X,X,X,X,X,X,MI,X
Aniruddha Joshi, India,X,X,X,X,X,X,X,X,X,X,RCB,X
Moeen Ali, England,X,X,X,X,X,X,X,X,X,X,RCB,RCB
Pavan Deshpande, India,X,X,X,X,X,X,X,X,X,X,RCB,X
Aryaman Birla, India,X,X,X,X,X,X,X,X,X,X,RR,RR
D'Arcy Short, Australia,X,X,X,X,X,X,X,X,X,X,RR,X
Dushmantha Chameera, Sri Lanka,X,X,X,X,X,X,X,X,X,X,RR,X
Heinrich Klaasen, South Africa,X,X,X,X,X,X,X,X,X,X,RR,RCB
Ish Sodhi, New Zealand,X,X,X,X,X,X,X,X,X,X,RR,RR
Jatin Saxena, India,X,X,X,X,X,X,X,X,X,X,RR,X
Jofra Archer, England,X,X,X,X,X,X,X,X,X,X,RR,RR
Mahipal Lomror, India,X,X,X,X,X,X,X,X,X,X,RR,RR
Prashant Chopra, India,X,X,X,X,X,X,X,X,X,X,RR,RR
Sudhesan Midhun, India,X,X,X,X,X,X,X,X,X,X,RR,RR
Zahir Khan, Afghanistan,X,X,X,X,X,X,X,X,X,X,RR,X
Mehdi Hasan, India,X,X,X,X,X,X,X,X,X,X,SRH,X
Ruturaj Gaikwad, India,X,X,X,X,X,X,X,X,X,X,X,CSK
Scott Kuggeleijn, New Zealand,X,X,X,X,X,X,X,X,X,X,X,CSK
Bandaru Ayyappa, India,X,X,X,X,X,X,X,X,X,X,X,DD
Keemo Paul, West Indies,X,X,X,X,X,X,X,X,X,X,X,DD
Sherfane Rutherford, West Indies,X,X,X,X,X,X,X,X,X,X,X,DD
Anrich Nortje, South Africa,X,X,X,X,X,X,X,X,X,X,X,KKR
Harry Gurney, England,X,X,X,X,X,X,X,X,X,X,X,KKR
Joe Denly, England,X,X,X,X,X,X,X,X,X,X,X,KKR
Matthew Kelly, Australia,X,X,X,X,X,X,X,X,X,X,X,KKR
Prithvi Raj, India,X,X,X,X,X,X,X,X,X,X,X,KKR
Agnivesh Ayachi, India,X,X,X,X,X,X,X,X,X,X,X,KXIP
Arshdeep Singh, India,X,X,X,X,X,X,X,X,X,X,X,KXIP
Darshan Nalkande, India,X,X,X,X,X,X,X,X,X,X,X,KXIP
Hardus Viljoen, South Africa,X,X,X,X,X,X,X,X,X,X,X,KXIP
Harpreet Brar, India,X,X,X,X,X,X,X,X,X,X,X,KXIP
Prabhsimran Singh, India,X,X,X,X,X,X,X,X,X,X,X,KXIP
Sam Curran, England,X,X,X,X,X,X,X,X,X,X,X,KXIP
Varun Chakravarthy, India,X,X,X,X,X,X,X,X,X,X,X,KXIP
Alzarri Joseph, West Indies,X,X,X,X,X,X,X,X,X,X,X,MI
Anmolpreet Singh, India,X,X,X,X,X,X,X,X,X,X,X,MI
Pankaj Jaiswal, India,X,X,X,X,X,X,X,X,X,X,X,MI
Rasikh Salam Dar, India,X,X,X,X,X,X,X,X,X,X,X,MI
Ashton Turner, Australia,X,X,X,X,X,X,X,X,X,X,X,RR
Liam Livingstone, England,X,X,X,X,X,X,X,X,X,X,X,RR
Oshane Thomas, West Indies,X,X,X,X,X,X,X,X,X,X,X,RR
Riyan Parag, India,X,X,X,X,X,X,X,X,X,X,X,RR
Shubham Ranjane, India,X,X,X,X,X,X,X,X,X,X,X,RR
Devdutt Padikkal, India,X,X,X,X,X,X,X,X,X,X,X,RCB
Himmat Singh, India,X,X,X,X,X,X,X,X,X,X,X,RCB
Prayas Ray Barman, India,X,X,X,X,X,X,X,X,X,X,X,RCB
Shimron Hetmyer, West Indies,X,X,X,X,X,X,X,X,X,X,X,RCB
Shivam Dube, India,X,X,X,X,X,X,X,X,X,X,X,RCB
Jonny Bairstow, England,X,X,X,X,X,X,X,X,X,X,X,SRH
Ravisrinivasan Sai Kishore, India,X,X,X,X,X,X,X,X,X,X,X,X
Alex Carey, Australia,X,X,X,X,X,X,X,X,X,X,X,X
Lalit Yadav, India,X,X,X,X,X,X,X,X,X,X,X,X
Tushar Deshpande, India,X,X,X,X,X,X,X,X,X,X,X,X
Chris Green, Australia,X,X,X,X,X,X,X,X,X,X,X,X
Manimaran Siddharth, India,X,X,X,X,X,X,X,X,X,X,X,X
Tom Banton, England,X,X,X,X,X,X,X,X,X,X,X,X
Ishan Porel, India,X,X,X,X,X,X,X,X,X,X,X,X
James Neesham, New Zealand,X,X,X,X,X,X,X,X,X,X,X,X
Ravi Bishnoi, India,X,X,X,X,X,X,X,X,X,X,X,X
Sheldon Cottrell, West Indies,X,X,X,X,X,X,X,X,X,X,X,X
Digvijay Deshmukh, India,X,X,X,X,X,X,X,X,X,X,X,X
Prince Balwant Rai Singh, India,X,X,X,X,X,X,X,X,X,X,X,X
Isuru Udana, Sri Lanka,X,X,X,X,X,X,X,X,X,X,X,X
Josh Philippe, Australia,X,X,X,X,X,X,X,X,X,X,X,X
Shahbaz Ahmed, India,X,X,X,X,X,X,X,X,X,X,X,X
Akash Singh, India,X,X,X,X,X,X,X,X,X,X,X,X
Anuj Rawat, India,X,X,X,X,X,X,X,X,X,X,X,X
Kartik Tyagi, India,X,X,X,X,X,X,X,X,X,X,X,X
Yashasvi Jaiswal, India,X,X,X,X,X,X,X,X,X,X,X,X
Abdul Samad, India,X,X,X,X,X,X,X,X,X,X,X,X
Bavanaka Sandeep, India,X,X,X,X,X,X,X,X,X,X,X,X
Fabian Allen, West Indies,X,X,X,X,X,X,X,X,X,X,X,X
Priyam Garg, India,X,X,X,X,X,X,X,X,X,X,X,X
Virat Singh, India,X,X,X,X,X,X,X,X,X,X,X,X